month,business_unit,cost_center,revenue,cogs,opex,budget_opex,ebitda,headcount,dso_days
2024-01-01,Cloud,R&D,388747,163194,143548,135260,82005,24,33
2024-01-01,Cloud,GTM,359047,127887,113642,117331,117518,21,43
2024-01-01,Cloud,G&A,440808,181953,139654,138950,119201,26,45
2024-01-01,Apps,R&D,269826,91799,98741,98161,79286,25,31
2024-01-01,Apps,GTM,285406,105707,95781,88835,83918,23,36
2024-01-01,Apps,G&A,254918,94466,93469,88671,66983,20,36
2024-01-01,Services,R&D,277868,113912,100391,99252,63565,20,38
2024-01-01,Services,GTM,262991,102777,95819,89624,64395,21,43
2024-01-01,Services,G&A,260529,89316,73559,71313,97654,26,37
2024-01-01,Hardware,R&D,263216,99427,99777,99316,64012,23,45
2024-01-01,Hardware,GTM,274795,110042,80509,82035,84244,24,33
2024-01-01,Hardware,G&A,227165,80937,84882,84568,61346,22,46
2024-02-01,Cloud,R&D,458836,177228,144027,134782,137581,19,34
2024-02-01,Cloud,GTM,389256,159324,113652,114624,116280,23,32
2024-02-01,Cloud,G&A,362799,129503,114855,116736,118441,19,34
2024-02-01,Apps,R&D,290939,115282,91853,87261,83804,23,44
2024-02-01,Apps,GTM,290674,103785,90738,87984,96151,26,46
2024-02-01,Apps,G&A,257614,101614,80655,80983,75345,20,28
2024-02-01,Services,R&D,237897,83331,69176,69166,85390,22,36
2024-02-01,Services,GTM,276055,115042,104294,102929,56719,25,30
2024-02-01,Services,G&A,260876,102217,84089,86384,74570,21,30
2024-02-01,Hardware,R&D,226648,85919,63887,60668,76842,20,41
2024-02-01,Hardware,GTM,266424,102533,94481,95243,69410,26,31
2024-02-01,Hardware,G&A,243554,85758,70777,71527,87019,20,39
2024-03-01,Cloud,R&D,405241,156181,149869,153355,99191,20,39
2024-03-01,Cloud,GTM,487937,170852,152804,147334,164281,27,31
2024-03-01,Cloud,G&A,489226,175699,139489,144829,174038,21,38
2024-03-01,Apps,R&D,253006,94035,72706,69867,86265,25,31
2024-03-01,Apps,GTM,250628,98697,77339,76017,74592,22,33
2024-03-01,Apps,G&A,271075,104296,87250,85949,79529,19,42
2024-03-01,Services,R&D,248284,97120,71039,70520,80125,21,41
2024-03-01,Services,GTM,303241,112622,104419,100761,86200,26,30
2024-03-01,Services,G&A,290699,105280,87360,84079,98059,19,37
2024-03-01,Hardware,R&D,268622,108635,88404,86832,71583,25,33
2024-03-01,Hardware,GTM,274171,106641,84560,83901,82970,24,43
2024-03-01,Hardware,G&A,242080,84890,73220,69912,83970,19,30
2024-04-01,Cloud,R&D,433481,163749,141438,138124,128294,23,46
2024-04-01,Cloud,GTM,480114,198923,167785,167820,113406,25,31
2024-04-01,Cloud,G&A,420977,162503,126777,123963,131697,22,36
2024-04-01,Apps,R&D,235720,92876,87278,83233,55566,22,34
2024-04-01,Apps,GTM,237237,96775,77637,72475,62825,22,35
2024-04-01,Apps,G&A,246327,85598,88583,91044,72146,22,37
2024-04-01,Services,R&D,258960,93685,76230,79230,89045,21,45
2024-04-01,Services,GTM,305843,127769,94218,89389,83856,24,43
2024-04-01,Services,G&A,232637,93769,88118,82621,50750,23,40
2024-04-01,Hardware,R&D,291438,114839,101427,94805,75172,22,36
2024-04-01,Hardware,GTM,247719,85980,77522,80001,84217,24,42
2024-04-01,Hardware,G&A,230646,92681,67674,64442,70291,27,31
2024-05-01,Cloud,R&D,469728,171271,138405,138328,160052,22,37
2024-05-01,Cloud,GTM,385797,144811,133522,127686,107464,21,32
2024-05-01,Cloud,G&A,396911,164594,127675,132756,104642,24,30
2024-05-01,Apps,R&D,257970,99685,94867,95753,63418,24,44
2024-05-01,Apps,GTM,292373,110508,106093,105384,75772,22,41
2024-05-01,Apps,G&A,271796,109628,92524,85613,69644,26,40
2024-05-01,Services,R&D,250928,99029,75688,76245,76211,25,34
2024-05-01,Services,GTM,307583,121097,112065,115873,74421,21,28
2024-05-01,Services,G&A,305689,113257,95568,93888,96864,24,28
2024-05-01,Hardware,R&D,290116,99990,106286,107500,83840,25,38
2024-05-01,Hardware,GTM,269886,95777,96569,94482,77540,22,35
2024-05-01,Hardware,G&A,272699,96696,86573,82425,89430,21,29
2024-06-01,Cloud,R&D,381377,150451,119204,113408,111722,20,35
2024-06-01,Cloud,GTM,491358,201393,138975,134557,150990,23,45
2024-06-01,Cloud,G&A,495930,201621,177533,174364,116776,20,46
2024-06-01,Apps,R&D,246524,88848,86983,89785,70693,27,34
2024-06-01,Apps,GTM,278140,109906,83502,85699,84732,22,29
2024-06-01,Apps,G&A,282390,109499,92738,93439,80153,21,46
2024-06-01,Services,R&D,253193,99912,76664,71089,76617,22,41
2024-06-01,Services,GTM,282834,101720,101617,97941,79497,23,31
2024-06-01,Services,G&A,311766,107096,106880,105003,97790,22,29
2024-06-01,Hardware,R&D,301934,122121,108250,101932,71563,28,32
2024-06-01,Hardware,GTM,284856,100614,93192,91618,91050,22,34
2024-06-01,Hardware,G&A,287075,120477,98087,90526,68511,20,37
2024-07-01,Cloud,R&D,391011,162066,128743,123482,100202,25,29
2024-07-01,Cloud,GTM,454123,185164,165368,157486,103591,22,33
2024-07-01,Cloud,G&A,499860,183054,166387,167795,150419,27,32
2024-07-01,Apps,R&D,238016,84123,84524,86661,69369,23,43
2024-07-01,Apps,GTM,244980,100377,71857,70602,72746,23,35
2024-07-01,Apps,G&A,317931,119595,118115,116728,80221,26,43
2024-07-01,Services,R&D,303235,119059,106879,101325,77297,25,38
2024-07-01,Services,GTM,272160,106467,87192,84329,78501,28,35
2024-07-01,Services,G&A,277327,95882,102107,99615,79338,22,43
2024-07-01,Hardware,R&D,252870,94414,81724,77567,76732,24,46
2024-07-01,Hardware,GTM,251624,94889,86643,86313,70092,24,32
2024-07-01,Hardware,G&A,320058,133542,102585,95766,83931,28,45
2024-08-01,Cloud,R&D,468377,171745,174320,177053,122312,24,39
2024-08-01,Cloud,GTM,505566,185661,172091,161384,147814,23,35
2024-08-01,Cloud,G&A,473391,191908,151064,140232,130419,22,43
2024-08-01,Apps,R&D,240782,99111,91237,92484,50434,26,30
2024-08-01,Apps,GTM,259769,99356,84621,84588,75792,26,40
2024-08-01,Apps,G&A,276354,103392,101296,99227,71666,27,30
2024-08-01,Services,R&D,261948,90316,77865,77830,93767,22,42
2024-08-01,Services,GTM,320854,133740,102153,94442,84961,27,36
2024-08-01,Services,G&A,320642,125600,96110,99597,98932,23,39
2024-08-01,Hardware,R&D,285024,104922,83244,77366,96858,23,36
2024-08-01,Hardware,GTM,250171,102482,74537,69417,73152,29,37
2024-08-01,Hardware,G&A,313102,109444,94420,94537,109238,26,42
2024-09-01,Cloud,R&D,414283,153124,122140,122961,139019,28,44
2024-09-01,Cloud,GTM,501358,178077,180696,167330,142585,28,28
2024-09-01,Cloud,G&A,460123,189490,165274,156171,105359,28,37
2024-09-01,Apps,R&D,327539,123605,115526,112702,88408,25,32
2024-09-01,Apps,GTM,248467,89700,87534,85055,71233,24,30
2024-09-01,Apps,G&A,318008,118449,113036,107863,86523,22,45
2024-09-01,Services,R&D,326897,136036,94541,94829,96320,25,29
2024-09-01,Services,GTM,311632,106118,112353,110254,93161,28,45
2024-09-01,Services,G&A,279623,105796,82785,81684,91042,27,37
2024-09-01,Hardware,R&D,320787,132306,118666,113219,69815,26,43
2024-09-01,Hardware,GTM,279378,111994,97505,99308,69879,22,45
2024-09-01,Hardware,G&A,266056,100714,96418,91388,68924,29,34
2024-10-01,Cloud,R&D,413403,142459,126438,116914,144506,24,46
2024-10-01,Cloud,GTM,416398,146638,147949,147654,121811,27,31
2024-10-01,Cloud,G&A,480430,174486,175976,167271,129968,28,38
2024-10-01,Apps,R&D,285937,103524,88578,90390,93835,27,38
2024-10-01,Apps,GTM,287522,115371,92504,94907,79647,29,44
2024-10-01,Apps,G&A,330159,121323,116501,108943,92335,24,34
2024-10-01,Services,R&D,310570,121014,87131,89636,102425,29,41
2024-10-01,Services,GTM,288657,106641,90906,88078,91110,29,31
2024-10-01,Services,G&A,292541,111550,111121,112895,69870,25,33
2024-10-01,Hardware,R&D,272770,106990,83447,78719,82333,25,33
2024-10-01,Hardware,GTM,327508,121726,104627,107175,101155,27,41
2024-10-01,Hardware,G&A,308860,113844,116989,114980,78027,27,39
2024-11-01,Cloud,R&D,538748,197833,204410,210573,136505,23,40
2024-11-01,Cloud,GTM,423555,162033,149712,142032,111810,26,39
2024-11-01,Cloud,G&A,432249,175482,132472,128366,124295,29,40
2024-11-01,Apps,R&D,278111,106689,83477,81404,87945,28,45
2024-11-01,Apps,GTM,330496,136765,92856,91620,100875,26,38
2024-11-01,Apps,G&A,300329,103906,91569,87210,104854,27,31
2024-11-01,Services,R&D,295579,106429,88575,81591,100575,25,32
2024-11-01,Services,GTM,262666,91028,96190,99337,75448,30,39
2024-11-01,Services,G&A,309125,122541,103804,96177,82780,23,29
2024-11-01,Hardware,R&D,251798,94600,74564,70476,82634,24,39
2024-11-01,Hardware,GTM,300144,108869,108627,106438,82648,30,32
2024-11-01,Hardware,G&A,324517,114910,105161,102470,104446,22,32
2024-12-01,Cloud,R&D,410115,157327,142230,142360,110558,25,44
2024-12-01,Cloud,GTM,522393,193200,170753,172343,158440,27,44
2024-12-01,Cloud,G&A,458050,173796,165912,156969,118342,26,40
2024-12-01,Apps,R&D,290941,107445,97102,90987,86394,27,37
2024-12-01,Apps,GTM,297357,123523,107162,105722,66672,23,45
2024-12-01,Apps,G&A,256574,101499,97287,98075,57788,26,28
2024-12-01,Services,R&D,301397,118407,92924,88434,90066,29,33
2024-12-01,Services,GTM,251330,102625,76014,72085,72691,30,45
2024-12-01,Services,G&A,303108,123072,87814,88529,92222,25,33
2024-12-01,Hardware,R&D,330262,138214,104786,98785,87262,26,39
2024-12-01,Hardware,GTM,324303,125950,100719,102276,97634,30,44
2024-12-01,Hardware,G&A,325471,134142,97585,90537,93744,28,32
2025-01-01,Cloud,R&D,461849,190305,170538,161741,101006,23,30
2025-01-01,Cloud,GTM,549015,195797,202375,205775,150843,27,43
2025-01-01,Cloud,G&A,515742,198267,194485,188110,122990,23,41
2025-01-01,Apps,R&D,336392,122192,119346,118732,94854,23,43
2025-01-01,Apps,GTM,287001,110560,97714,92417,78727,29,39
2025-01-01,Apps,G&A,276109,104876,79004,73336,92229,25,29
2025-01-01,Services,R&D,313749,109219,106705,104466,97825,25,32
2025-01-01,Services,GTM,305557,124472,101856,102326,79229,29,37
2025-01-01,Services,G&A,259163,96031,95586,89795,67546,30,36
2025-01-01,Hardware,R&D,272998,113001,79679,81977,80318,26,28
2025-01-01,Hardware,GTM,296981,117470,93102,95335,86409,29,34
2025-01-01,Hardware,G&A,302668,102969,90155,89339,109544,24,31
2025-02-01,Cloud,R&D,424315,148158,123923,116702,152234,25,31
2025-02-01,Cloud,GTM,451129,166883,136116,140340,148130,31,36
2025-02-01,Cloud,G&A,549895,218540,154960,146072,176395,29,37
2025-02-01,Apps,R&D,287499,109010,99892,95626,78597,24,35
2025-02-01,Apps,GTM,290423,106413,87014,83409,96996,31,31
2025-02-01,Apps,G&A,297094,112382,98499,92837,86213,27,34
2025-02-01,Services,R&D,344267,120290,110244,109889,113733,25,31
2025-02-01,Services,GTM,340195,115679,115538,112630,108978,25,38
2025-02-01,Services,G&A,277253,106653,95217,98715,75383,25,34
2025-02-01,Hardware,R&D,316484,122809,90007,88940,103668,31,45
2025-02-01,Hardware,GTM,334379,129628,115720,114648,89031,24,38
2025-02-01,Hardware,G&A,318267,133271,93340,92237,91656,24,32
2025-03-01,Cloud,R&D,550262,187908,209064,200507,153290,24,44
2025-03-01,Cloud,GTM,553184,227456,176556,176446,149172,31,45
2025-03-01,Cloud,G&A,425887,157278,128323,123222,140286,30,40
2025-03-01,Apps,R&D,324689,122740,121055,112415,80894,27,38
2025-03-01,Apps,GTM,278312,114774,95531,98113,68007,28,32
2025-03-01,Apps,G&A,265873,98819,79843,75948,87211,27,38
2025-03-01,Services,R&D,340225,128535,124680,128267,87010,27,28
2025-03-01,Services,GTM,301423,126359,106611,108187,68453,30,44
2025-03-01,Services,G&A,347514,124746,121531,113118,101237,28,45
2025-03-01,Hardware,R&D,340629,122576,112046,108315,106007,30,28
2025-03-01,Hardware,GTM,276213,108704,84452,87096,83057,24,42
2025-03-01,Hardware,G&A,313801,118895,115759,106593,79147,24,32
2025-04-01,Cloud,R&D,437990,158454,146124,150034,133412,30,41
2025-04-01,Cloud,GTM,471475,194020,167441,172269,110014,25,40
2025-04-01,Cloud,G&A,501229,205158,172127,169675,123944,27,41
2025-04-01,Apps,R&D,288331,106871,97185,90595,84275,27,44
2025-04-01,Apps,GTM,323167,122269,101540,99788,99358,26,37
2025-04-01,Apps,G&A,276493,102915,102717,102720,70861,31,38
2025-04-01,Services,R&D,301477,105703,111953,108784,83821,28,34
2025-04-01,Services,GTM,327629,128369,121736,122804,77524,29,31
2025-04-01,Services,G&A,323720,112047,95132,90422,116541,25,39
2025-04-01,Hardware,R&D,351310,142790,101146,95995,107374,28,41
2025-04-01,Hardware,GTM,291985,105498,84089,85499,102398,30,44
2025-04-01,Hardware,G&A,349226,144967,129555,128990,74704,27,45
2025-05-01,Cloud,R&D,531435,186246,152905,144604,192284,25,41
2025-05-01,Cloud,GTM,486965,190834,140076,132458,156055,32,45
2025-05-01,Cloud,G&A,476604,197312,175587,173911,103705,29,46
2025-05-01,Apps,R&D,275035,111510,79960,81655,83565,27,41
2025-05-01,Apps,GTM,293104,104802,83320,79632,104982,25,40
2025-05-01,Apps,G&A,329360,118099,120106,110742,91155,26,30
2025-05-01,Services,R&D,340801,124556,124627,122812,91618,29,34
2025-05-01,Services,GTM,344725,117748,102051,102354,124926,29,36
2025-05-01,Services,G&A,296451,116348,100033,93488,80070,30,29
2025-05-01,Hardware,R&D,325231,121368,111270,107150,92593,25,45
2025-05-01,Hardware,GTM,345506,130352,118690,117078,96464,29,40
2025-05-01,Hardware,G&A,281652,113465,83400,78454,84787,27,32
2025-06-01,Cloud,R&D,574530,207999,166500,154086,200031,30,32
2025-06-01,Cloud,GTM,547538,190640,203820,192053,153078,27,39
2025-06-01,Cloud,G&A,498966,170177,169709,174198,159080,28,39
2025-06-01,Apps,R&D,314296,113451,113007,117204,87838,33,37
2025-06-01,Apps,GTM,307496,123880,100579,95642,83037,29,33
2025-06-01,Apps,G&A,338984,141055,107571,101910,90358,27,43
2025-06-01,Services,R&D,307518,119664,111717,110684,76137,30,38
2025-06-01,Services,GTM,276181,115058,85910,79571,75213,32,30
2025-06-01,Services,G&A,267269,105391,97262,100224,64616,27,45
2025-06-01,Hardware,R&D,309142,107818,96474,89851,104850,29,32
2025-06-01,Hardware,GTM,312764,128196,99085,101864,85483,30,28
2025-06-01,Hardware,G&A,345814,124910,106978,107911,113926,27,35
2025-07-01,Cloud,R&D,469871,186290,169509,163662,114072,28,42
2025-07-01,Cloud,GTM,558754,190769,171596,177138,196389,25,39
2025-07-01,Cloud,G&A,541890,221249,194030,195851,126611,25,34
2025-07-01,Apps,R&D,291782,100280,89376,87192,102126,32,30
2025-07-01,Apps,GTM,301637,124589,112282,109147,64766,30,32
2025-07-01,Apps,G&A,314396,113825,92379,92409,108192,30,42
2025-07-01,Services,R&D,271528,95403,77902,74358,98223,30,31
2025-07-01,Services,GTM,343351,124336,98704,102496,120311,30,32
2025-07-01,Services,G&A,306558,110185,100121,100201,96252,26,43
2025-07-01,Hardware,R&D,317600,122444,98600,99782,96556,28,37
2025-07-01,Hardware,GTM,326824,123732,119534,117812,83558,26,36
2025-07-01,Hardware,G&A,329364,131922,96725,91691,100717,32,39
2025-08-01,Cloud,R&D,465059,183986,156448,160286,124625,28,35
2025-08-01,Cloud,GTM,509096,200029,167637,166338,141430,29,41
2025-08-01,Cloud,G&A,569894,237912,211410,196333,120572,27,44
2025-08-01,Apps,R&D,329244,135164,106664,106615,87416,31,42
2025-08-01,Apps,GTM,361088,124288,122986,119717,113814,32,37
2025-08-01,Apps,G&A,340973,128061,110922,106921,101990,29,38
2025-08-01,Services,R&D,300463,121363,112821,113095,66279,28,31
2025-08-01,Services,GTM,311988,117953,99785,94440,94250,27,35
2025-08-01,Services,G&A,271999,96102,102736,106586,73161,34,41
2025-08-01,Hardware,R&D,302285,104131,98541,97030,99613,27,40
2025-08-01,Hardware,GTM,311278,120708,112898,107759,77672,31,38
2025-08-01,Hardware,G&A,308568,121937,102013,104105,84618,30,32
2025-09-01,Cloud,R&D,460868,186474,133806,136036,140588,27,30
2025-09-01,Cloud,GTM,573380,197466,196263,202415,179651,29,36
2025-09-01,Cloud,G&A,449246,163195,166887,167766,119164,31,45
2025-09-01,Apps,R&D,298505,124367,107495,105391,66643,31,36
2025-09-01,Apps,GTM,332628,115167,120051,119870,97410,29,43
2025-09-01,Apps,G&A,349335,137312,98177,93474,113846,28,33
2025-09-01,Services,R&D,350058,134575,130461,130377,85022,28,29
2025-09-01,Services,GTM,319818,109299,94235,96815,116284,31,38
2025-09-01,Services,G&A,314318,116543,119035,114635,78740,26,36
2025-09-01,Hardware,R&D,294927,101901,99812,96388,93214,34,29
2025-09-01,Hardware,GTM,289563,117470,109067,109533,63026,29,35
2025-09-01,Hardware,G&A,346412,118142,108136,106864,120134,33,38
2025-10-01,Cloud,R&D,589555,246601,199278,198399,143676,32,41
2025-10-01,Cloud,GTM,561346,226324,210422,216433,124600,32,40
2025-10-01,Cloud,G&A,533924,217392,198713,190133,117819,31,34
2025-10-01,Apps,R&D,362457,140613,135059,135910,86785,30,37
2025-10-01,Apps,GTM,321611,110688,118257,121413,92666,27,38
2025-10-01,Apps,G&A,340585,118588,126337,124972,95660,32,33
2025-10-01,Services,R&D,374002,151582,110892,114987,111528,29,39
2025-10-01,Services,GTM,367995,130843,106632,104446,130520,32,30
2025-10-01,Services,G&A,369321,137467,107816,101316,124038,31,30
2025-10-01,Hardware,R&D,345090,132012,125917,117115,87161,34,34
2025-10-01,Hardware,GTM,352750,122843,118806,115116,111101,29,33
2025-10-01,Hardware,G&A,349330,125183,99209,101795,124938,27,29
2025-11-01,Cloud,R&D,603094,236748,194281,179898,172065,33,35
2025-11-01,Cloud,GTM,578253,215317,214511,209639,148425,27,41
2025-11-01,Cloud,G&A,583408,219555,211621,213844,152232,27,35
2025-11-01,Apps,R&D,346282,131202,109623,102800,105457,30,38
2025-11-01,Apps,GTM,362074,124773,101491,102226,135810,33,36
2025-11-01,Apps,G&A,310668,117145,117863,110461,75660,28,44
2025-11-01,Services,R&D,372649,151879,108192,111312,112578,27,28
2025-11-01,Services,GTM,355306,134853,108375,110604,112078,28,36
2025-11-01,Services,G&A,340835,138060,120457,111531,82318,28,43
2025-11-01,Hardware,R&D,337063,129322,113695,109280,94046,32,33
2025-11-01,Hardware,GTM,360222,146997,135846,139187,77379,34,32
2025-11-01,Hardware,G&A,291622,122250,93271,89811,76101,33,33
2025-12-01,Cloud,R&D,562350,191682,213262,213788,157406,29,32
2025-12-01,Cloud,GTM,568556,208035,176918,169375,183603,28,36
2025-12-01,Cloud,G&A,597038,231403,208039,196218,157596,30,30
2025-12-01,Apps,R&D,347255,130232,125845,117201,91178,34,36
2025-12-01,Apps,GTM,297492,103270,108069,103821,86153,29,42
2025-12-01,Apps,G&A,350629,122189,115786,119290,112654,29,42
2025-12-01,Services,R&D,376068,135344,133571,130043,107153,34,42
2025-12-01,Services,GTM,295114,114839,95668,89324,84607,35,33
2025-12-01,Services,G&A,325773,133635,106536,98027,85602,28,28
2025-12-01,Hardware,R&D,374795,148550,116692,119912,109553,33,37
2025-12-01,Hardware,GTM,350924,122237,127199,129070,101488,35,41
2025-12-01,Hardware,G&A,334897,120664,109545,106253,104688,30,33
