order_date,region,channel,product,segment,units,revenue,discount_rate,gross_margin
2025-01-08,North,Direct,Atlas CRM,Enterprise,39,72123,0.093,0.423
2025-01-11,South,Partner,Helios ERP,Mid-market,33,194568,0.068,0.394
2025-01-16,EMEA,Web,Nimbus Analytics,SMB,21,22009,0.052,0.478
2025-01-14,APAC,Direct,Orbit Support,Enterprise,18,8028,0.123,0.416
2025-01-09,LATAM,Partner,Atlas CRM,Mid-market,10,20373,0.124,0.245
2025-01-25,North,Web,Helios ERP,SMB,13,87659,0.08,0.407
2025-01-11,South,Direct,Nimbus Analytics,Enterprise,32,39322,0.163,0.41
2025-01-10,EMEA,Partner,Orbit Support,Mid-market,13,5076,0.085,0.268
2025-01-22,APAC,Web,Atlas CRM,SMB,14,23128,0.09,0.337
2025-01-05,LATAM,Direct,Helios ERP,Enterprise,40,222717,0.104,0.378
2025-01-13,North,Partner,Nimbus Analytics,Mid-market,37,45605,0.173,0.352
2025-01-19,South,Web,Orbit Support,SMB,39,14885,0.082,0.364
2025-01-06,EMEA,Direct,Atlas CRM,Enterprise,20,33400,0.057,0.5
2025-01-15,APAC,Partner,Helios ERP,Mid-market,32,218709,0.107,0.377
2025-01-08,LATAM,Web,Nimbus Analytics,SMB,31,33432,0.15,0.469
2025-01-17,North,Direct,Orbit Support,Enterprise,40,19199,0.045,0.505
2025-01-26,South,Partner,Atlas CRM,Mid-market,40,76047,0.061,0.42
2025-01-20,EMEA,Web,Helios ERP,SMB,11,62908,0.127,0.263
2025-01-03,APAC,Direct,Nimbus Analytics,Enterprise,32,37729,0.069,0.312
2025-01-06,LATAM,Partner,Orbit Support,Mid-market,35,13612,0.219,0.23
2025-01-27,North,Web,Atlas CRM,SMB,28,53565,0.055,0.39
2025-01-29,South,Direct,Helios ERP,Enterprise,24,137880,0.187,0.444
2025-01-05,EMEA,Partner,Nimbus Analytics,Mid-market,39,45119,0.214,0.301
2025-01-06,APAC,Web,Orbit Support,SMB,13,5601,0.169,0.255
2025-01-24,LATAM,Direct,Atlas CRM,Enterprise,35,74029,0.085,0.38
2025-01-24,North,Partner,Helios ERP,Mid-market,36,239514,0.102,0.294
2025-01-12,South,Web,Nimbus Analytics,SMB,12,11786,0.046,0.283
2025-01-29,EMEA,Direct,Orbit Support,Enterprise,42,17496,0.06,0.416
2025-01-20,APAC,Partner,Atlas CRM,Mid-market,25,44596,0.041,0.477
2025-01-29,LATAM,Web,Helios ERP,SMB,45,288616,0.108,0.412
2025-01-13,North,Direct,Nimbus Analytics,Enterprise,7,7932,0.209,0.258
2025-01-30,South,Partner,Orbit Support,Mid-market,15,5754,0.106,0.262
2025-01-23,EMEA,Web,Atlas CRM,SMB,31,50158,0.193,0.237
2025-01-17,APAC,Direct,Helios ERP,Enterprise,28,159361,0.047,0.28
2025-01-22,LATAM,Partner,Nimbus Analytics,Mid-market,18,23639,0.196,0.277
2025-01-26,North,Web,Orbit Support,SMB,38,15037,0.091,0.44
2025-01-04,South,Direct,Atlas CRM,Enterprise,27,46107,0.175,0.363
2025-01-22,EMEA,Partner,Helios ERP,Mid-market,22,120591,0.107,0.343
2025-01-05,APAC,Web,Nimbus Analytics,SMB,8,8953,0.213,0.451
2025-01-06,LATAM,Direct,Orbit Support,Enterprise,46,19769,0.178,0.446
2025-01-22,North,Partner,Atlas CRM,Mid-market,17,28295,0.216,0.451
2025-01-21,South,Web,Helios ERP,SMB,41,267698,0.195,0.419
2025-01-27,EMEA,Direct,Nimbus Analytics,Enterprise,42,41649,0.218,0.242
2025-01-17,APAC,Partner,Orbit Support,Mid-market,8,3926,0.121,0.337
2025-01-28,LATAM,Web,Atlas CRM,SMB,12,23269,0.214,0.334
2025-01-08,North,Direct,Helios ERP,Enterprise,40,243758,0.165,0.436
2025-01-14,South,Partner,Nimbus Analytics,Mid-market,8,9458,0.083,0.403
2025-01-06,EMEA,Web,Orbit Support,SMB,45,21334,0.18,0.283
2025-01-06,APAC,Direct,Atlas CRM,Enterprise,21,44591,0.192,0.406
2025-01-25,LATAM,Partner,Helios ERP,Mid-market,8,44025,0.217,0.365
2025-01-10,North,Web,Nimbus Analytics,SMB,34,34428,0.061,0.451
2025-01-05,South,Direct,Orbit Support,Enterprise,30,11270,0.042,0.402
2025-01-27,EMEA,Partner,Atlas CRM,Mid-market,32,55058,0.149,0.402
2025-01-06,APAC,Web,Helios ERP,SMB,26,147678,0.159,0.31
2025-02-26,LATAM,Direct,Nimbus Analytics,Enterprise,43,52799,0.198,0.353
2025-02-21,North,Partner,Orbit Support,Mid-market,29,13542,0.21,0.273
2025-02-16,South,Web,Atlas CRM,SMB,39,71933,0.063,0.415
2025-02-09,EMEA,Direct,Helios ERP,Enterprise,10,75542,0.218,0.307
2025-02-16,APAC,Partner,Nimbus Analytics,Mid-market,21,29567,0.128,0.424
2025-02-02,LATAM,Web,Orbit Support,SMB,41,18563,0.103,0.37
2025-02-03,North,Direct,Atlas CRM,Enterprise,34,72949,0.129,0.245
2025-02-27,South,Partner,Helios ERP,Mid-market,20,152547,0.163,0.301
2025-02-17,EMEA,Web,Nimbus Analytics,SMB,31,43578,0.136,0.372
2025-02-16,APAC,Direct,Orbit Support,Enterprise,23,9238,0.116,0.474
2025-02-14,LATAM,Partner,Atlas CRM,Mid-market,41,77434,0.097,0.346
2025-02-22,North,Web,Helios ERP,SMB,30,196644,0.076,0.273
2025-02-27,South,Direct,Nimbus Analytics,Enterprise,39,50204,0.145,0.24
2025-02-21,EMEA,Partner,Orbit Support,Mid-market,32,15662,0.166,0.357
2025-02-03,APAC,Web,Atlas CRM,SMB,18,40147,0.218,0.346
2025-02-22,LATAM,Direct,Helios ERP,Enterprise,45,314837,0.173,0.413
2025-02-04,North,Partner,Nimbus Analytics,Mid-market,31,37887,0.155,0.388
2025-02-04,South,Web,Orbit Support,SMB,18,9013,0.088,0.393
2025-02-22,EMEA,Direct,Atlas CRM,Enterprise,29,53906,0.068,0.494
2025-02-26,APAC,Partner,Helios ERP,Mid-market,13,85034,0.188,0.358
2025-02-20,LATAM,Web,Nimbus Analytics,SMB,22,28028,0.101,0.349
2025-02-16,North,Direct,Orbit Support,Enterprise,34,16504,0.09,0.282
2025-02-06,South,Partner,Atlas CRM,Mid-market,22,38236,0.166,0.452
2025-02-08,EMEA,Web,Helios ERP,SMB,40,296597,0.168,0.279
2025-02-08,APAC,Direct,Nimbus Analytics,Enterprise,28,36903,0.076,0.355
2025-02-06,LATAM,Partner,Orbit Support,Mid-market,11,5748,0.213,0.401
2025-02-16,North,Web,Atlas CRM,SMB,40,72772,0.067,0.482
2025-02-27,South,Direct,Helios ERP,Enterprise,7,54690,0.201,0.237
2025-02-15,EMEA,Partner,Nimbus Analytics,Mid-market,13,17178,0.043,0.354
2025-02-26,APAC,Web,Orbit Support,SMB,22,11513,0.179,0.238
2025-02-12,LATAM,Direct,Atlas CRM,Enterprise,46,106442,0.085,0.343
2025-02-08,North,Partner,Helios ERP,Mid-market,40,264660,0.122,0.464
2025-02-18,South,Web,Nimbus Analytics,SMB,30,36198,0.069,0.393
2025-02-17,EMEA,Direct,Orbit Support,Enterprise,28,13244,0.096,0.26
2025-02-19,APAC,Partner,Atlas CRM,Mid-market,17,38392,0.058,0.408
2025-02-27,LATAM,Web,Helios ERP,SMB,40,312774,0.049,0.294
2025-02-01,North,Direct,Nimbus Analytics,Enterprise,18,19611,0.139,0.44
2025-02-04,South,Partner,Orbit Support,Mid-market,7,2907,0.063,0.391
2025-02-18,EMEA,Web,Atlas CRM,SMB,38,83769,0.062,0.407
2025-02-18,APAC,Direct,Helios ERP,Enterprise,9,65953,0.177,0.251
2025-02-26,LATAM,Partner,Nimbus Analytics,Mid-market,19,24624,0.095,0.457
2025-02-28,North,Web,Orbit Support,SMB,22,11204,0.153,0.292
2025-02-16,South,Direct,Atlas CRM,Enterprise,13,29261,0.172,0.287
2025-02-04,EMEA,Partner,Helios ERP,Mid-market,12,96013,0.062,0.278
2025-02-01,APAC,Web,Nimbus Analytics,SMB,25,32100,0.135,0.402
2025-02-17,LATAM,Direct,Orbit Support,Enterprise,40,21260,0.152,0.365
2025-02-21,North,Partner,Atlas CRM,Mid-market,30,58308,0.14,0.376
2025-02-08,South,Web,Helios ERP,SMB,8,55542,0.05,0.362
2025-02-10,EMEA,Direct,Nimbus Analytics,Enterprise,19,21557,0.17,0.314
2025-02-23,APAC,Partner,Orbit Support,Mid-market,12,5992,0.083,0.274
2025-02-04,LATAM,Web,Atlas CRM,SMB,27,55520,0.111,0.444
2025-02-10,North,Direct,Helios ERP,Enterprise,39,239453,0.13,0.297
2025-02-23,South,Partner,Nimbus Analytics,Mid-market,24,29246,0.161,0.284
2025-03-27,EMEA,Web,Orbit Support,SMB,14,6621,0.093,0.256
2025-03-25,APAC,Direct,Atlas CRM,Enterprise,45,83445,0.132,0.46
2025-03-30,LATAM,Partner,Helios ERP,Mid-market,12,78369,0.215,0.231
2025-03-10,North,Web,Nimbus Analytics,SMB,45,62093,0.199,0.433
2025-03-08,South,Direct,Orbit Support,Enterprise,40,21733,0.094,0.421
2025-03-14,EMEA,Partner,Atlas CRM,Mid-market,16,38671,0.177,0.398
2025-03-22,APAC,Web,Helios ERP,SMB,43,350310,0.106,0.377
2025-03-21,LATAM,Direct,Nimbus Analytics,Enterprise,28,33626,0.207,0.277
2025-03-31,North,Partner,Orbit Support,Mid-market,9,4591,0.16,0.306
2025-03-21,South,Web,Atlas CRM,SMB,37,82057,0.166,0.309
2025-03-17,EMEA,Direct,Helios ERP,Enterprise,23,174154,0.168,0.375
2025-03-19,APAC,Partner,Nimbus Analytics,Mid-market,18,21227,0.079,0.485
2025-03-02,LATAM,Web,Orbit Support,SMB,12,6693,0.203,0.307
2025-03-02,North,Direct,Atlas CRM,Enterprise,12,24722,0.164,0.276
2025-03-28,South,Partner,Helios ERP,Mid-market,44,361082,0.167,0.413
2025-03-01,EMEA,Web,Nimbus Analytics,SMB,18,20459,0.057,0.316
2025-03-20,APAC,Direct,Orbit Support,Enterprise,41,22793,0.175,0.366
2025-03-23,LATAM,Partner,Atlas CRM,Mid-market,43,96622,0.159,0.402
2025-03-27,North,Web,Helios ERP,SMB,32,269653,0.078,0.28
2025-03-17,South,Direct,Nimbus Analytics,Enterprise,39,47681,0.091,0.457
2025-03-23,EMEA,Partner,Orbit Support,Mid-market,45,24994,0.139,0.265
2025-03-14,APAC,Web,Atlas CRM,SMB,19,34966,0.048,0.438
2025-03-05,LATAM,Direct,Helios ERP,Enterprise,18,134545,0.06,0.338
2025-03-21,North,Partner,Nimbus Analytics,Mid-market,11,14559,0.044,0.475
2025-03-16,South,Web,Orbit Support,SMB,36,17461,0.115,0.319
2025-03-07,EMEA,Direct,Atlas CRM,Enterprise,10,19352,0.208,0.239
2025-03-05,APAC,Partner,Helios ERP,Mid-market,38,291089,0.062,0.496
2025-03-30,LATAM,Web,Nimbus Analytics,SMB,32,41121,0.13,0.281
2025-03-23,North,Direct,Orbit Support,Enterprise,12,6409,0.197,0.359
2025-03-29,South,Partner,Atlas CRM,Mid-market,20,39309,0.159,0.251
2025-03-16,EMEA,Web,Helios ERP,SMB,11,79226,0.124,0.386
2025-03-12,APAC,Direct,Nimbus Analytics,Enterprise,9,10926,0.107,0.259
2025-03-25,LATAM,Partner,Orbit Support,Mid-market,34,19437,0.05,0.466
2025-03-16,North,Web,Atlas CRM,SMB,36,77221,0.082,0.359
2025-03-02,South,Direct,Helios ERP,Enterprise,34,256781,0.152,0.336
2025-03-31,EMEA,Partner,Nimbus Analytics,Mid-market,20,24467,0.121,0.374
2025-03-11,APAC,Web,Orbit Support,SMB,34,15763,0.17,0.425
2025-03-22,LATAM,Direct,Atlas CRM,Enterprise,37,75231,0.098,0.314
2025-03-04,North,Partner,Helios ERP,Mid-market,23,192348,0.108,0.467
2025-03-21,South,Web,Nimbus Analytics,SMB,31,39326,0.208,0.44
2025-03-17,EMEA,Direct,Orbit Support,Enterprise,38,17780,0.137,0.24
2025-03-08,APAC,Partner,Atlas CRM,Mid-market,32,69909,0.178,0.271
2025-03-02,LATAM,Web,Helios ERP,SMB,10,83763,0.045,0.345
2025-03-13,North,Direct,Nimbus Analytics,Enterprise,10,14275,0.166,0.418
2025-03-10,South,Partner,Orbit Support,Mid-market,8,3813,0.133,0.289
2025-03-14,EMEA,Web,Atlas CRM,SMB,17,41260,0.188,0.283
2025-03-16,APAC,Direct,Helios ERP,Enterprise,27,177072,0.119,0.473
2025-03-10,LATAM,Partner,Nimbus Analytics,Mid-market,31,46294,0.133,0.363
2025-03-07,North,Web,Orbit Support,SMB,38,20135,0.128,0.437
2025-03-01,South,Direct,Atlas CRM,Enterprise,13,27472,0.137,0.403
2025-03-22,EMEA,Partner,Helios ERP,Mid-market,6,43630,0.078,0.446
2025-03-14,APAC,Web,Nimbus Analytics,SMB,43,52536,0.086,0.315
2025-03-28,LATAM,Direct,Orbit Support,Enterprise,46,24798,0.215,0.312
2025-04-26,North,Partner,Atlas CRM,Mid-market,23,48918,0.054,0.384
2025-04-28,South,Web,Helios ERP,SMB,36,267775,0.096,0.449
2025-04-16,EMEA,Direct,Nimbus Analytics,Enterprise,8,12417,0.113,0.352
2025-04-08,APAC,Partner,Orbit Support,Mid-market,43,23092,0.204,0.261
2025-04-05,LATAM,Web,Atlas CRM,SMB,7,14750,0.18,0.313
2025-04-05,North,Direct,Helios ERP,Enterprise,20,175640,0.188,0.266
2025-04-13,South,Partner,Nimbus Analytics,Mid-market,36,43105,0.133,0.386
2025-04-08,EMEA,Web,Orbit Support,SMB,26,13850,0.051,0.355
2025-04-30,APAC,Direct,Atlas CRM,Enterprise,7,14507,0.098,0.344
2025-04-29,LATAM,Partner,Helios ERP,Mid-market,28,201552,0.156,0.396
2025-04-04,North,Web,Nimbus Analytics,SMB,15,18596,0.102,0.275
2025-04-25,South,Direct,Orbit Support,Enterprise,18,8780,0.05,0.441
2025-04-08,EMEA,Partner,Atlas CRM,Mid-market,31,68696,0.107,0.432
2025-04-18,APAC,Web,Helios ERP,SMB,43,291399,0.108,0.437
2025-04-08,LATAM,Direct,Nimbus Analytics,Enterprise,37,46502,0.187,0.421
2025-04-29,North,Partner,Orbit Support,Mid-market,20,9010,0.104,0.368
2025-04-15,South,Web,Atlas CRM,SMB,41,106017,0.103,0.324
2025-04-24,EMEA,Direct,Helios ERP,Enterprise,42,325751,0.172,0.432
2025-04-15,APAC,Partner,Nimbus Analytics,Mid-market,33,40856,0.063,0.289
2025-04-12,LATAM,Web,Orbit Support,SMB,13,6789,0.164,0.401
2025-04-12,North,Direct,Atlas CRM,Enterprise,41,78678,0.116,0.335
2025-04-23,South,Partner,Helios ERP,Mid-market,35,307357,0.054,0.271
2025-04-27,EMEA,Web,Nimbus Analytics,SMB,37,54776,0.137,0.368
2025-04-16,APAC,Direct,Orbit Support,Enterprise,27,12960,0.157,0.394
2025-04-11,LATAM,Partner,Atlas CRM,Mid-market,16,40091,0.183,0.396
2025-04-02,North,Web,Helios ERP,SMB,44,376101,0.054,0.406
2025-04-02,South,Direct,Nimbus Analytics,Enterprise,22,30882,0.173,0.237
2025-04-20,EMEA,Partner,Orbit Support,Mid-market,6,3075,0.144,0.44
2025-04-06,APAC,Web,Atlas CRM,SMB,34,78827,0.186,0.284
2025-04-17,LATAM,Direct,Helios ERP,Enterprise,27,228420,0.133,0.284
2025-04-07,North,Partner,Nimbus Analytics,Mid-market,29,45875,0.181,0.4
2025-04-24,South,Web,Orbit Support,SMB,23,13715,0.198,0.36
2025-04-27,EMEA,Direct,Atlas CRM,Enterprise,39,97218,0.138,0.445
2025-04-04,APAC,Partner,Helios ERP,Mid-market,45,310072,0.166,0.322
2025-04-07,LATAM,Web,Nimbus Analytics,SMB,44,61588,0.046,0.373
2025-04-06,North,Direct,Orbit Support,Enterprise,23,11446,0.107,0.348
2025-04-27,South,Partner,Atlas CRM,Mid-market,9,20382,0.195,0.342
2025-04-25,EMEA,Web,Helios ERP,SMB,35,307987,0.063,0.433
2025-04-11,APAC,Direct,Nimbus Analytics,Enterprise,23,31860,0.143,0.39
2025-04-21,LATAM,Partner,Orbit Support,Mid-market,46,24359,0.113,0.468
2025-04-04,North,Web,Atlas CRM,SMB,17,39881,0.064,0.375
2025-04-08,South,Direct,Helios ERP,Enterprise,39,292778,0.087,0.437
2025-04-08,EMEA,Partner,Nimbus Analytics,Mid-market,35,41321,0.042,0.343
2025-04-16,APAC,Web,Orbit Support,SMB,40,22106,0.174,0.287
2025-04-01,LATAM,Direct,Atlas CRM,Enterprise,25,50881,0.048,0.396
2025-04-24,North,Partner,Helios ERP,Mid-market,32,250445,0.136,0.284
2025-04-26,South,Web,Nimbus Analytics,SMB,27,42697,0.162,0.259
2025-04-28,EMEA,Direct,Orbit Support,Enterprise,27,15796,0.139,0.429
2025-04-11,APAC,Partner,Atlas CRM,Mid-market,19,49200,0.086,0.292
2025-04-27,LATAM,Web,Helios ERP,SMB,22,195709,0.052,0.446
2025-04-27,North,Direct,Nimbus Analytics,Enterprise,18,25206,0.152,0.407
2025-04-01,South,Partner,Orbit Support,Mid-market,9,5286,0.196,0.428
2025-04-27,EMEA,Web,Atlas CRM,SMB,12,29895,0.177,0.266
2025-04-08,APAC,Direct,Helios ERP,Enterprise,9,69895,0.151,0.398
2025-05-30,LATAM,Partner,Nimbus Analytics,Mid-market,33,51149,0.208,0.258
2025-05-20,North,Web,Orbit Support,SMB,20,10254,0.129,0.251
2025-05-09,South,Direct,Atlas CRM,Enterprise,24,54378,0.097,0.393
2025-05-26,EMEA,Partner,Helios ERP,Mid-market,36,312920,0.181,0.429
2025-05-29,APAC,Web,Nimbus Analytics,SMB,33,42655,0.072,0.452
2025-05-28,LATAM,Direct,Orbit Support,Enterprise,27,15210,0.073,0.418
2025-05-31,North,Partner,Atlas CRM,Mid-market,34,84080,0.072,0.364
2025-05-03,South,Web,Helios ERP,SMB,7,57641,0.123,0.438
2025-05-09,EMEA,Direct,Nimbus Analytics,Enterprise,42,61576,0.073,0.473
2025-05-07,APAC,Partner,Orbit Support,Mid-market,17,10486,0.122,0.426
2025-05-30,LATAM,Web,Atlas CRM,SMB,12,24950,0.05,0.416
2025-05-27,North,Direct,Helios ERP,Enterprise,12,97629,0.051,0.392
2025-05-09,South,Partner,Nimbus Analytics,Mid-market,41,52537,0.09,0.286
2025-05-12,EMEA,Web,Orbit Support,SMB,26,14987,0.136,0.28
2025-05-07,APAC,Direct,Atlas CRM,Enterprise,25,54923,0.06,0.367
2025-05-12,LATAM,Partner,Helios ERP,Mid-market,44,348191,0.054,0.338
2025-05-18,North,Web,Nimbus Analytics,SMB,11,15364,0.176,0.391
2025-05-09,South,Direct,Orbit Support,Enterprise,45,24119,0.075,0.452
2025-05-26,EMEA,Partner,Atlas CRM,Mid-market,29,64510,0.081,0.289
2025-05-30,APAC,Web,Helios ERP,SMB,38,270903,0.2,0.316
2025-05-11,LATAM,Direct,Nimbus Analytics,Enterprise,20,25473,0.095,0.323
2025-05-22,North,Partner,Orbit Support,Mid-market,7,3678,0.134,0.314
2025-05-26,South,Web,Atlas CRM,SMB,16,33073,0.045,0.436
2025-05-07,EMEA,Direct,Helios ERP,Enterprise,15,125519,0.214,0.252
2025-05-09,APAC,Partner,Nimbus Analytics,Mid-market,7,11201,0.127,0.427
2025-05-14,LATAM,Web,Orbit Support,SMB,8,4406,0.189,0.318
2025-05-03,North,Direct,Atlas CRM,Enterprise,10,25425,0.101,0.412
2025-05-01,South,Partner,Helios ERP,Mid-market,33,299337,0.19,0.419
2025-05-22,EMEA,Web,Nimbus Analytics,SMB,26,38090,0.139,0.44
2025-05-16,APAC,Direct,Orbit Support,Enterprise,34,18243,0.089,0.449
2025-05-04,LATAM,Partner,Atlas CRM,Mid-market,35,84814,0.046,0.421
2025-05-30,North,Web,Helios ERP,SMB,42,376129,0.125,0.303
2025-05-25,South,Direct,Nimbus Analytics,Enterprise,38,47441,0.1,0.267
2025-05-16,EMEA,Partner,Orbit Support,Mid-market,43,20113,0.212,0.389
2025-05-11,APAC,Web,Atlas CRM,SMB,7,17635,0.124,0.477
2025-05-06,LATAM,Direct,Helios ERP,Enterprise,32,251415,0.045,0.305
2025-05-31,North,Partner,Nimbus Analytics,Mid-market,20,30950,0.183,0.357
2025-05-02,South,Web,Orbit Support,SMB,15,8697,0.12,0.399
2025-05-09,EMEA,Direct,Atlas CRM,Enterprise,20,48683,0.216,0.364
2025-05-06,APAC,Partner,Helios ERP,Mid-market,39,296273,0.212,0.389
2025-05-18,LATAM,Web,Nimbus Analytics,SMB,9,11402,0.138,0.319
2025-05-11,North,Direct,Orbit Support,Enterprise,32,16659,0.057,0.432
2025-05-27,South,Partner,Atlas CRM,Mid-market,17,36248,0.06,0.319
2025-05-24,EMEA,Web,Helios ERP,SMB,10,82260,0.044,0.408
2025-05-08,APAC,Direct,Nimbus Analytics,Enterprise,18,26961,0.134,0.476
2025-05-14,LATAM,Partner,Orbit Support,Mid-market,38,18461,0.143,0.351
2025-05-19,North,Web,Atlas CRM,SMB,6,15660,0.147,0.457
2025-05-27,South,Direct,Helios ERP,Enterprise,6,52005,0.181,0.394
2025-05-03,EMEA,Partner,Nimbus Analytics,Mid-market,43,68310,0.112,0.396
2025-05-01,APAC,Web,Orbit Support,SMB,22,12829,0.12,0.426
2025-05-17,LATAM,Direct,Atlas CRM,Enterprise,15,33287,0.067,0.321
2025-05-21,North,Partner,Helios ERP,Mid-market,30,242150,0.116,0.343
2025-05-16,South,Web,Nimbus Analytics,SMB,32,46057,0.165,0.32
2025-06-06,EMEA,Direct,Orbit Support,Enterprise,21,11364,0.175,0.286
2025-06-25,APAC,Partner,Atlas CRM,Mid-market,42,83968,0.172,0.358
2025-06-19,LATAM,Web,Helios ERP,SMB,22,158606,0.062,0.44
2025-06-20,North,Direct,Nimbus Analytics,Enterprise,40,52053,0.123,0.266
2025-06-05,South,Partner,Orbit Support,Mid-market,38,23136,0.209,0.366
2025-06-26,EMEA,Web,Atlas CRM,SMB,25,57611,0.185,0.305
2025-06-10,APAC,Direct,Helios ERP,Enterprise,13,93452,0.099,0.486
2025-06-21,LATAM,Partner,Nimbus Analytics,Mid-market,33,47230,0.05,0.455
2025-06-18,North,Web,Orbit Support,SMB,31,16880,0.143,0.429
2025-06-04,South,Direct,Atlas CRM,Enterprise,20,49654,0.151,0.414
2025-06-02,EMEA,Partner,Helios ERP,Mid-market,42,374497,0.139,0.417
2025-06-24,APAC,Web,Nimbus Analytics,SMB,38,46421,0.124,0.266
2025-06-30,LATAM,Direct,Orbit Support,Enterprise,16,7970,0.154,0.293
2025-06-21,North,Partner,Atlas CRM,Mid-market,41,83926,0.171,0.236
2025-06-14,South,Web,Helios ERP,SMB,32,282853,0.152,0.29
2025-06-25,EMEA,Direct,Nimbus Analytics,Enterprise,17,26652,0.046,0.43
2025-06-08,APAC,Partner,Orbit Support,Mid-market,37,22118,0.118,0.379
2025-06-01,LATAM,Web,Atlas CRM,SMB,40,91413,0.074,0.372
2025-06-01,North,Direct,Helios ERP,Enterprise,32,244026,0.129,0.355
2025-06-28,South,Partner,Nimbus Analytics,Mid-market,27,37174,0.171,0.366
2025-06-22,EMEA,Web,Orbit Support,SMB,36,20721,0.109,0.439
2025-06-19,APAC,Direct,Atlas CRM,Enterprise,21,49034,0.058,0.425
2025-06-01,LATAM,Partner,Helios ERP,Mid-market,23,171583,0.048,0.418
2025-06-19,North,Web,Nimbus Analytics,SMB,7,8516,0.07,0.413
2025-06-22,South,Direct,Orbit Support,Enterprise,17,8569,0.063,0.323
2025-06-02,EMEA,Partner,Atlas CRM,Mid-market,42,88385,0.131,0.371
2025-06-04,APAC,Web,Helios ERP,SMB,38,306227,0.121,0.398
2025-06-06,LATAM,Direct,Nimbus Analytics,Enterprise,29,37643,0.06,0.45
2025-06-29,North,Partner,Orbit Support,Mid-market,36,18117,0.193,0.375
2025-06-13,South,Web,Atlas CRM,SMB,17,39174,0.187,0.411
2025-06-29,EMEA,Direct,Helios ERP,Enterprise,28,204435,0.055,0.472
2025-06-07,APAC,Partner,Nimbus Analytics,Mid-market,13,19643,0.063,0.397
2025-06-02,LATAM,Web,Orbit Support,SMB,15,8535,0.172,0.412
2025-06-07,North,Direct,Atlas CRM,Enterprise,21,51852,0.077,0.412
2025-06-03,South,Partner,Helios ERP,Mid-market,22,179549,0.046,0.392
2025-06-24,EMEA,Web,Nimbus Analytics,SMB,32,49659,0.146,0.318
2025-06-02,APAC,Direct,Orbit Support,Enterprise,37,21261,0.189,0.328
2025-06-05,LATAM,Partner,Atlas CRM,Mid-market,46,101304,0.171,0.27
2025-06-16,North,Web,Helios ERP,SMB,10,78349,0.16,0.463
2025-06-15,South,Direct,Nimbus Analytics,Enterprise,31,43875,0.093,0.274
2025-06-20,EMEA,Partner,Orbit Support,Mid-market,33,17860,0.197,0.445
2025-06-11,APAC,Web,Atlas CRM,SMB,18,36018,0.047,0.317
2025-06-15,LATAM,Direct,Helios ERP,Enterprise,33,261883,0.192,0.263
2025-06-17,North,Partner,Nimbus Analytics,Mid-market,6,8123,0.098,0.384
2025-06-20,South,Web,Orbit Support,SMB,41,20405,0.191,0.299
2025-06-05,EMEA,Direct,Atlas CRM,Enterprise,32,72906,0.215,0.455
2025-06-02,APAC,Partner,Helios ERP,Mid-market,42,355516,0.167,0.235
2025-06-12,LATAM,Web,Nimbus Analytics,SMB,10,13624,0.199,0.302
2025-06-28,North,Direct,Orbit Support,Enterprise,34,20187,0.075,0.392
2025-06-05,South,Partner,Atlas CRM,Mid-market,21,45345,0.119,0.252
2025-06-02,EMEA,Web,Helios ERP,SMB,34,300085,0.067,0.296
2025-06-22,APAC,Direct,Nimbus Analytics,Enterprise,36,43526,0.101,0.272
2025-06-09,LATAM,Partner,Orbit Support,Mid-market,39,21218,0.062,0.281
2025-07-20,North,Web,Atlas CRM,SMB,41,105410,0.094,0.378
2025-07-09,South,Direct,Helios ERP,Enterprise,21,178963,0.113,0.369
2025-07-25,EMEA,Partner,Nimbus Analytics,Mid-market,20,25412,0.155,0.468
2025-07-05,APAC,Web,Orbit Support,SMB,14,8473,0.09,0.335
2025-07-04,LATAM,Direct,Atlas CRM,Enterprise,45,109637,0.075,0.429
2025-07-23,North,Partner,Helios ERP,Mid-market,14,117510,0.103,0.466
2025-07-09,South,Web,Nimbus Analytics,SMB,22,26596,0.179,0.453
2025-07-27,EMEA,Direct,Orbit Support,Enterprise,11,5620,0.189,0.332
2025-07-18,APAC,Partner,Atlas CRM,Mid-market,25,57833,0.138,0.417
2025-07-16,LATAM,Web,Helios ERP,SMB,11,85129,0.115,0.279
2025-07-16,North,Direct,Nimbus Analytics,Enterprise,19,28590,0.059,0.409
2025-07-15,South,Partner,Orbit Support,Mid-market,37,19626,0.173,0.462
2025-07-11,EMEA,Web,Atlas CRM,SMB,32,68231,0.066,0.49
2025-07-30,APAC,Direct,Helios ERP,Enterprise,42,313275,0.095,0.393
2025-07-09,LATAM,Partner,Nimbus Analytics,Mid-market,18,25527,0.152,0.406
2025-07-16,North,Web,Orbit Support,SMB,46,26694,0.154,0.341
2025-07-26,South,Direct,Atlas CRM,Enterprise,25,53522,0.056,0.453
2025-07-24,EMEA,Partner,Helios ERP,Mid-market,19,163283,0.183,0.282
2025-07-26,APAC,Web,Nimbus Analytics,SMB,28,43221,0.12,0.353
2025-07-22,LATAM,Direct,Orbit Support,Enterprise,10,4897,0.172,0.286
2025-07-01,North,Partner,Atlas CRM,Mid-market,21,45183,0.213,0.365
2025-07-29,South,Web,Helios ERP,SMB,41,292548,0.114,0.379
2025-07-27,EMEA,Direct,Nimbus Analytics,Enterprise,19,23772,0.068,0.308
2025-07-04,APAC,Partner,Orbit Support,Mid-market,43,26183,0.146,0.419
2025-07-14,LATAM,Web,Atlas CRM,SMB,37,94023,0.122,0.292
2025-07-09,North,Direct,Helios ERP,Enterprise,34,256753,0.173,0.411
2025-07-06,South,Partner,Nimbus Analytics,Mid-market,24,28848,0.189,0.307
2025-07-16,EMEA,Web,Orbit Support,SMB,20,10225,0.169,0.277
2025-07-25,APAC,Direct,Atlas CRM,Enterprise,14,32890,0.218,0.367
2025-07-31,LATAM,Partner,Helios ERP,Mid-market,31,281612,0.14,0.321
2025-07-06,North,Web,Nimbus Analytics,SMB,23,31924,0.179,0.306
2025-07-13,South,Direct,Orbit Support,Enterprise,14,7269,0.096,0.306
2025-07-22,EMEA,Partner,Atlas CRM,Mid-market,23,55990,0.199,0.445
2025-07-25,APAC,Web,Helios ERP,SMB,44,332672,0.078,0.457
2025-07-05,LATAM,Direct,Nimbus Analytics,Enterprise,40,52057,0.105,0.264
2025-07-11,North,Partner,Orbit Support,Mid-market,14,7041,0.143,0.342
2025-07-31,South,Web,Atlas CRM,SMB,25,61652,0.066,0.424
2025-07-31,EMEA,Direct,Helios ERP,Enterprise,8,67539,0.191,0.287
2025-07-31,APAC,Partner,Nimbus Analytics,Mid-market,23,30927,0.131,0.325
2025-07-18,LATAM,Web,Orbit Support,SMB,15,8994,0.129,0.327
2025-07-27,North,Direct,Atlas CRM,Enterprise,23,49072,0.047,0.328
2025-07-28,South,Partner,Helios ERP,Mid-market,8,55629,0.097,0.449
2025-07-24,EMEA,Web,Nimbus Analytics,SMB,20,26292,0.151,0.46
2025-07-23,APAC,Direct,Orbit Support,Enterprise,7,3368,0.217,0.304
2025-07-16,LATAM,Partner,Atlas CRM,Mid-market,34,88569,0.197,0.398
2025-07-26,North,Web,Helios ERP,SMB,6,50338,0.062,0.389
2025-07-11,South,Direct,Nimbus Analytics,Enterprise,37,59880,0.055,0.354
2025-07-10,EMEA,Partner,Orbit Support,Mid-market,30,18250,0.17,0.446
2025-07-31,APAC,Web,Atlas CRM,SMB,44,104478,0.176,0.323
2025-07-25,LATAM,Direct,Helios ERP,Enterprise,21,158387,0.127,0.253
2025-07-09,North,Partner,Nimbus Analytics,Mid-market,46,72554,0.166,0.423
2025-07-13,South,Web,Orbit Support,SMB,22,12465,0.071,0.407
2025-07-24,EMEA,Direct,Atlas CRM,Enterprise,41,104201,0.074,0.35
2025-07-27,APAC,Partner,Helios ERP,Mid-market,7,60746,0.111,0.472
2025-08-21,LATAM,Web,Nimbus Analytics,SMB,19,28791,0.128,0.302
2025-08-25,North,Direct,Orbit Support,Enterprise,10,5763,0.146,0.367
2025-08-04,South,Partner,Atlas CRM,Mid-market,24,51751,0.19,0.234
2025-08-19,EMEA,Web,Helios ERP,SMB,34,288715,0.133,0.47
2025-08-04,APAC,Direct,Nimbus Analytics,Enterprise,39,46215,0.198,0.28
2025-08-20,LATAM,Partner,Orbit Support,Mid-market,41,23892,0.21,0.317
2025-08-03,North,Web,Atlas CRM,SMB,29,75571,0.173,0.458
2025-08-26,South,Direct,Helios ERP,Enterprise,28,238210,0.21,0.256
2025-08-03,EMEA,Partner,Nimbus Analytics,Mid-market,18,21640,0.071,0.42
2025-08-25,APAC,Web,Orbit Support,SMB,18,10787,0.066,0.395
2025-08-25,LATAM,Direct,Atlas CRM,Enterprise,7,17043,0.203,0.375
2025-08-07,North,Partner,Helios ERP,Mid-market,38,300969,0.113,0.481
2025-08-01,South,Web,Nimbus Analytics,SMB,29,39435,0.182,0.267
2025-08-16,EMEA,Direct,Orbit Support,Enterprise,16,9266,0.22,0.247
2025-08-12,APAC,Partner,Atlas CRM,Mid-market,17,36597,0.217,0.338
2025-08-01,LATAM,Web,Helios ERP,SMB,11,83701,0.102,0.378
2025-08-06,North,Direct,Nimbus Analytics,Enterprise,18,25131,0.171,0.392
2025-08-21,South,Partner,Orbit Support,Mid-market,17,8577,0.158,0.386
2025-08-31,EMEA,Web,Atlas CRM,SMB,23,51191,0.112,0.371
2025-08-25,APAC,Direct,Helios ERP,Enterprise,16,136271,0.215,0.411
2025-08-28,LATAM,Partner,Nimbus Analytics,Mid-market,25,36130,0.072,0.423
2025-08-10,North,Web,Orbit Support,SMB,39,22664,0.153,0.435
2025-08-07,South,Direct,Atlas CRM,Enterprise,27,56923,0.108,0.385
2025-08-16,EMEA,Partner,Helios ERP,Mid-market,18,160903,0.086,0.367
2025-08-31,APAC,Web,Nimbus Analytics,SMB,12,17750,0.085,0.362
2025-08-20,LATAM,Direct,Orbit Support,Enterprise,38,17674,0.154,0.4
2025-08-03,North,Partner,Atlas CRM,Mid-market,37,74714,0.126,0.424
2025-08-24,South,Web,Helios ERP,SMB,29,220311,0.1,0.346
2025-08-13,EMEA,Direct,Nimbus Analytics,Enterprise,43,54442,0.087,0.317
2025-08-03,APAC,Partner,Orbit Support,Mid-market,24,11767,0.16,0.439
2025-08-27,LATAM,Web,Atlas CRM,SMB,31,77693,0.161,0.406
2025-08-18,North,Direct,Helios ERP,Enterprise,32,264351,0.044,0.36
2025-08-07,South,Partner,Nimbus Analytics,Mid-market,15,18219,0.06,0.35
2025-08-02,EMEA,Web,Orbit Support,SMB,33,18367,0.086,0.441
2025-08-17,APAC,Direct,Atlas CRM,Enterprise,32,79838,0.065,0.262
2025-08-12,LATAM,Partner,Helios ERP,Mid-market,29,235892,0.069,0.348
2025-08-16,North,Web,Nimbus Analytics,SMB,28,34665,0.14,0.303
2025-08-05,South,Direct,Orbit Support,Enterprise,18,9434,0.177,0.357
2025-08-09,EMEA,Partner,Atlas CRM,Mid-market,35,75771,0.083,0.257
2025-08-24,APAC,Web,Helios ERP,SMB,45,315416,0.062,0.316
2025-08-02,LATAM,Direct,Nimbus Analytics,Enterprise,21,32850,0.122,0.353
2025-08-18,North,Partner,Orbit Support,Mid-market,31,17635,0.047,0.274
2025-08-11,South,Web,Atlas CRM,SMB,40,84271,0.099,0.482
2025-08-25,EMEA,Direct,Helios ERP,Enterprise,18,158481,0.174,0.248
2025-08-23,APAC,Partner,Nimbus Analytics,Mid-market,43,67832,0.108,0.435
2025-08-16,LATAM,Web,Orbit Support,SMB,28,13283,0.041,0.494
2025-08-20,North,Direct,Atlas CRM,Enterprise,32,64768,0.125,0.268
2025-08-22,South,Partner,Helios ERP,Mid-market,11,97754,0.109,0.373
2025-08-28,EMEA,Web,Nimbus Analytics,SMB,18,22434,0.059,0.281
2025-08-22,APAC,Direct,Orbit Support,Enterprise,9,4920,0.189,0.398
2025-08-15,LATAM,Partner,Atlas CRM,Mid-market,30,72284,0.06,0.45
2025-08-28,North,Web,Helios ERP,SMB,39,324368,0.208,0.277
2025-08-07,South,Direct,Nimbus Analytics,Enterprise,35,50172,0.189,0.389
2025-09-24,EMEA,Partner,Orbit Support,Mid-market,38,18674,0.185,0.38
2025-09-28,APAC,Web,Atlas CRM,SMB,13,32949,0.087,0.347
2025-09-05,LATAM,Direct,Helios ERP,Enterprise,40,286958,0.047,0.275
2025-09-24,North,Partner,Nimbus Analytics,Mid-market,36,56721,0.07,0.497
2025-09-03,South,Web,Orbit Support,SMB,41,18909,0.063,0.343
2025-09-29,EMEA,Direct,Atlas CRM,Enterprise,28,54962,0.203,0.273
2025-09-14,APAC,Partner,Helios ERP,Mid-market,40,301143,0.181,0.244
2025-09-22,LATAM,Web,Nimbus Analytics,SMB,35,44976,0.103,0.287
2025-09-21,North,Direct,Orbit Support,Enterprise,22,11526,0.063,0.419
2025-09-06,South,Partner,Atlas CRM,Mid-market,44,86303,0.128,0.415
2025-09-29,EMEA,Web,Helios ERP,SMB,13,98550,0.145,0.469
2025-09-27,APAC,Direct,Nimbus Analytics,Enterprise,42,50368,0.053,0.425
2025-09-02,LATAM,Partner,Orbit Support,Mid-market,28,12693,0.169,0.4
2025-09-27,North,Web,Atlas CRM,SMB,10,20947,0.187,0.377
2025-09-02,South,Direct,Helios ERP,Enterprise,21,147683,0.061,0.267
2025-09-06,EMEA,Partner,Nimbus Analytics,Mid-market,42,63147,0.202,0.306
2025-09-27,APAC,Web,Orbit Support,SMB,24,11573,0.046,0.338
2025-09-20,LATAM,Direct,Atlas CRM,Enterprise,44,105371,0.16,0.26
2025-09-10,North,Partner,Helios ERP,Mid-market,45,393269,0.123,0.406
2025-09-09,South,Web,Nimbus Analytics,SMB,33,39209,0.095,0.486
2025-09-08,EMEA,Direct,Orbit Support,Enterprise,36,18811,0.148,0.294
2025-09-02,APAC,Partner,Atlas CRM,Mid-market,21,54382,0.218,0.401
2025-09-08,LATAM,Web,Helios ERP,SMB,27,193501,0.19,0.237
2025-09-15,North,Direct,Nimbus Analytics,Enterprise,33,40978,0.152,0.37
2025-09-27,South,Partner,Orbit Support,Mid-market,36,17854,0.128,0.296
2025-09-20,EMEA,Web,Atlas CRM,SMB,24,55852,0.134,0.286
2025-09-19,APAC,Direct,Helios ERP,Enterprise,36,318735,0.137,0.254
2025-09-12,LATAM,Partner,Nimbus Analytics,Mid-market,20,25806,0.144,0.271
2025-09-03,North,Web,Orbit Support,SMB,10,4712,0.084,0.302
2025-09-21,South,Direct,Atlas CRM,Enterprise,38,91491,0.049,0.363
2025-09-26,EMEA,Partner,Helios ERP,Mid-market,9,74307,0.05,0.394
2025-09-16,APAC,Web,Nimbus Analytics,SMB,9,12933,0.059,0.381
2025-09-27,LATAM,Direct,Orbit Support,Enterprise,26,12005,0.145,0.35
2025-09-10,North,Partner,Atlas CRM,Mid-market,32,77428,0.18,0.328
2025-09-05,South,Web,Helios ERP,SMB,11,85104,0.111,0.339
2025-09-06,EMEA,Direct,Nimbus Analytics,Enterprise,43,65753,0.157,0.239
2025-09-17,APAC,Partner,Orbit Support,Mid-market,13,7453,0.071,0.263
2025-09-23,LATAM,Web,Atlas CRM,SMB,12,23612,0.143,0.41
2025-09-04,North,Direct,Helios ERP,Enterprise,44,378607,0.055,0.411
2025-09-21,South,Partner,Nimbus Analytics,Mid-market,10,14618,0.078,0.261
2025-09-22,EMEA,Web,Orbit Support,SMB,38,18166,0.21,0.359
2025-09-07,APAC,Direct,Atlas CRM,Enterprise,34,88339,0.198,0.281
2025-09-27,LATAM,Partner,Helios ERP,Mid-market,8,72022,0.124,0.428
2025-09-08,North,Web,Nimbus Analytics,SMB,39,47533,0.165,0.405
2025-09-30,South,Direct,Orbit Support,Enterprise,12,6950,0.182,0.402
2025-09-06,EMEA,Partner,Atlas CRM,Mid-market,18,40149,0.162,0.37
2025-09-02,APAC,Web,Helios ERP,SMB,14,102883,0.071,0.311
2025-09-13,LATAM,Direct,Nimbus Analytics,Enterprise,9,13915,0.124,0.281
2025-09-28,North,Partner,Orbit Support,Mid-market,45,25782,0.138,0.431
2025-09-20,South,Web,Atlas CRM,SMB,28,58743,0.192,0.449
2025-09-08,EMEA,Direct,Helios ERP,Enterprise,44,364431,0.207,0.261
2025-09-25,APAC,Partner,Nimbus Analytics,Mid-market,24,29828,0.07,0.376
2025-09-22,LATAM,Web,Orbit Support,SMB,18,10157,0.154,0.337
2025-10-30,North,Direct,Atlas CRM,Enterprise,22,43531,0.152,0.367
2025-10-28,South,Partner,Helios ERP,Mid-market,17,129077,0.056,0.402
2025-10-15,EMEA,Web,Nimbus Analytics,SMB,8,11091,0.041,0.365
2025-10-25,APAC,Direct,Orbit Support,Enterprise,36,19085,0.186,0.287
2025-10-28,LATAM,Partner,Atlas CRM,Mid-market,9,22480,0.073,0.335
2025-10-08,North,Web,Helios ERP,SMB,33,251259,0.125,0.482
2025-10-03,South,Direct,Nimbus Analytics,Enterprise,7,8847,0.1,0.471
2025-10-04,EMEA,Partner,Orbit Support,Mid-market,17,10243,0.189,0.405
2025-10-25,APAC,Web,Atlas CRM,SMB,32,63202,0.127,0.436
2025-10-12,LATAM,Direct,Helios ERP,Enterprise,28,203180,0.136,0.327
2025-10-03,North,Partner,Nimbus Analytics,Mid-market,22,32571,0.053,0.346
2025-10-17,South,Web,Orbit Support,SMB,14,7803,0.219,0.303
2025-10-01,EMEA,Direct,Atlas CRM,Enterprise,7,17865,0.19,0.285
2025-10-05,APAC,Partner,Helios ERP,Mid-market,7,57000,0.188,0.265
2025-10-07,LATAM,Web,Nimbus Analytics,SMB,15,20127,0.091,0.38
2025-10-14,North,Direct,Orbit Support,Enterprise,12,5694,0.206,0.346
2025-10-27,South,Partner,Atlas CRM,Mid-market,33,71282,0.205,0.4
2025-10-16,EMEA,Web,Helios ERP,SMB,15,118520,0.098,0.328
2025-10-22,APAC,Direct,Nimbus Analytics,Enterprise,15,19091,0.057,0.402
2025-10-16,LATAM,Partner,Orbit Support,Mid-market,24,12912,0.209,0.246
2025-10-28,North,Web,Atlas CRM,SMB,16,40768,0.076,0.267
2025-10-26,South,Direct,Helios ERP,Enterprise,31,277849,0.061,0.478
2025-10-06,EMEA,Partner,Nimbus Analytics,Mid-market,11,17616,0.139,0.374
2025-10-25,APAC,Web,Orbit Support,SMB,26,14014,0.041,0.36
2025-10-11,LATAM,Direct,Atlas CRM,Enterprise,26,55187,0.21,0.346
2025-10-27,North,Partner,Helios ERP,Mid-market,25,203961,0.116,0.367
2025-10-29,South,Web,Nimbus Analytics,SMB,9,14522,0.099,0.254
2025-10-16,EMEA,Direct,Orbit Support,Enterprise,20,11281,0.052,0.395
2025-10-23,APAC,Partner,Atlas CRM,Mid-market,38,87358,0.085,0.369
2025-10-20,LATAM,Web,Helios ERP,SMB,41,292348,0.051,0.479
2025-10-08,North,Direct,Nimbus Analytics,Enterprise,8,12753,0.085,0.299
2025-10-09,South,Partner,Orbit Support,Mid-market,8,3905,0.069,0.373
2025-10-15,EMEA,Web,Atlas CRM,SMB,42,83488,0.193,0.303
2025-10-14,APAC,Direct,Helios ERP,Enterprise,8,60094,0.177,0.247
2025-10-27,LATAM,Partner,Nimbus Analytics,Mid-market,31,41178,0.049,0.359
2025-10-31,North,Web,Orbit Support,SMB,39,18558,0.178,0.278
2025-10-12,South,Direct,Atlas CRM,Enterprise,21,48569,0.155,0.443
2025-10-22,EMEA,Partner,Helios ERP,Mid-market,23,186948,0.209,0.265
2025-10-21,APAC,Web,Nimbus Analytics,SMB,27,37531,0.193,0.44
2025-10-01,LATAM,Direct,Orbit Support,Enterprise,12,6182,0.076,0.319
2025-10-26,North,Partner,Atlas CRM,Mid-market,28,58600,0.054,0.382
2025-10-06,South,Web,Helios ERP,SMB,45,346788,0.199,0.381
2025-10-18,EMEA,Direct,Nimbus Analytics,Enterprise,22,29225,0.096,0.296
2025-10-22,APAC,Partner,Orbit Support,Mid-market,8,4957,0.043,0.455
2025-10-25,LATAM,Web,Atlas CRM,SMB,20,47190,0.212,0.406
2025-10-03,North,Direct,Helios ERP,Enterprise,46,348842,0.112,0.386
2025-10-20,South,Partner,Nimbus Analytics,Mid-market,20,25855,0.114,0.348
2025-10-14,EMEA,Web,Orbit Support,SMB,19,11707,0.174,0.307
2025-10-05,APAC,Direct,Atlas CRM,Enterprise,28,61143,0.085,0.353
2025-10-28,LATAM,Partner,Helios ERP,Mid-market,36,256325,0.115,0.31
2025-10-06,North,Web,Nimbus Analytics,SMB,29,41126,0.088,0.44
2025-10-27,South,Direct,Orbit Support,Enterprise,28,16408,0.11,0.392
2025-10-27,EMEA,Partner,Atlas CRM,Mid-market,25,58523,0.214,0.368
2025-10-04,APAC,Web,Helios ERP,SMB,14,127017,0.052,0.38
2025-11-19,LATAM,Direct,Nimbus Analytics,Enterprise,31,47598,0.13,0.4
2025-11-13,North,Partner,Orbit Support,Mid-market,14,6847,0.146,0.316
2025-11-29,South,Web,Atlas CRM,SMB,35,80881,0.079,0.33
2025-11-28,EMEA,Direct,Helios ERP,Enterprise,37,279597,0.095,0.425
2025-11-28,APAC,Partner,Nimbus Analytics,Mid-market,40,52920,0.051,0.499
2025-11-27,LATAM,Web,Orbit Support,SMB,42,20741,0.093,0.355
2025-11-13,North,Direct,Atlas CRM,Enterprise,8,16553,0.216,0.224
2025-11-22,South,Partner,Helios ERP,Mid-market,8,71044,0.214,0.339
2025-11-01,EMEA,Web,Nimbus Analytics,SMB,45,71964,0.137,0.291
2025-11-19,APAC,Direct,Orbit Support,Enterprise,36,20432,0.111,0.462
2025-11-08,LATAM,Partner,Atlas CRM,Mid-market,12,25113,0.073,0.439
2025-11-07,North,Web,Helios ERP,SMB,7,54220,0.206,0.404
2025-11-22,South,Direct,Nimbus Analytics,Enterprise,20,27669,0.089,0.447
2025-11-29,EMEA,Partner,Orbit Support,Mid-market,28,13529,0.151,0.268
2025-11-25,APAC,Web,Atlas CRM,SMB,35,78972,0.079,0.272
2025-11-28,LATAM,Direct,Helios ERP,Enterprise,30,236693,0.176,0.357
2025-11-01,North,Partner,Nimbus Analytics,Mid-market,35,45584,0.193,0.238
2025-11-28,South,Web,Orbit Support,SMB,43,24189,0.165,0.397
2025-11-20,EMEA,Direct,Atlas CRM,Enterprise,31,78971,0.197,0.23
2025-11-30,APAC,Partner,Helios ERP,Mid-market,17,162420,0.212,0.376
2025-11-05,LATAM,Web,Nimbus Analytics,SMB,36,55941,0.204,0.38
2025-11-17,North,Direct,Orbit Support,Enterprise,8,3958,0.146,0.369
2025-11-16,South,Partner,Atlas CRM,Mid-market,34,78945,0.098,0.312
2025-11-03,EMEA,Web,Helios ERP,SMB,40,324690,0.181,0.299
2025-11-29,APAC,Direct,Nimbus Analytics,Enterprise,10,12934,0.066,0.403
2025-11-22,LATAM,Partner,Orbit Support,Mid-market,17,9033,0.078,0.379
2025-11-20,North,Web,Atlas CRM,SMB,23,50283,0.181,0.311
2025-11-03,South,Direct,Helios ERP,Enterprise,20,182554,0.058,0.333
2025-11-13,EMEA,Partner,Nimbus Analytics,Mid-market,11,16441,0.043,0.448
2025-11-08,APAC,Web,Orbit Support,SMB,29,17252,0.047,0.337
2025-11-08,LATAM,Direct,Atlas CRM,Enterprise,37,94269,0.188,0.321
2025-11-25,North,Partner,Helios ERP,Mid-market,8,63159,0.209,0.373
2025-11-25,South,Web,Nimbus Analytics,SMB,35,52763,0.157,0.461
2025-11-19,EMEA,Direct,Orbit Support,Enterprise,23,11092,0.125,0.335
2025-11-18,APAC,Partner,Atlas CRM,Mid-market,37,91123,0.129,0.424
2025-11-23,LATAM,Web,Helios ERP,SMB,39,372516,0.144,0.466
2025-11-29,North,Direct,Nimbus Analytics,Enterprise,15,19718,0.179,0.417
2025-11-19,South,Partner,Orbit Support,Mid-market,37,18470,0.202,0.396
2025-11-11,EMEA,Web,Atlas CRM,SMB,32,82939,0.18,0.289
2025-11-05,APAC,Direct,Helios ERP,Enterprise,21,190651,0.102,0.307
2025-11-04,LATAM,Partner,Nimbus Analytics,Mid-market,41,51579,0.18,0.394
2025-11-25,North,Web,Orbit Support,SMB,20,11107,0.176,0.433
2025-11-10,South,Direct,Atlas CRM,Enterprise,35,87702,0.046,0.506
2025-11-30,EMEA,Partner,Helios ERP,Mid-market,10,84499,0.128,0.391
2025-11-04,APAC,Web,Nimbus Analytics,SMB,31,39938,0.079,0.292
2025-11-22,LATAM,Direct,Orbit Support,Enterprise,39,20256,0.054,0.498
2025-11-11,North,Partner,Atlas CRM,Mid-market,8,18425,0.111,0.472
2025-11-19,South,Web,Helios ERP,SMB,33,299898,0.188,0.443
2025-11-04,EMEA,Direct,Nimbus Analytics,Enterprise,9,13095,0.102,0.441
2025-11-22,APAC,Partner,Orbit Support,Mid-market,17,10596,0.102,0.298
2025-11-27,LATAM,Web,Atlas CRM,SMB,40,110436,0.096,0.276
2025-11-17,North,Direct,Helios ERP,Enterprise,30,245255,0.207,0.414
2025-11-13,South,Partner,Nimbus Analytics,Mid-market,43,64128,0.127,0.28
2025-12-12,EMEA,Web,Orbit Support,SMB,6,3675,0.148,0.453
2025-12-02,APAC,Direct,Atlas CRM,Enterprise,14,41022,0.174,0.277
2025-12-22,LATAM,Partner,Helios ERP,Mid-market,42,358767,0.075,0.391
2025-12-10,North,Web,Nimbus Analytics,SMB,23,34971,0.104,0.458
2025-12-25,South,Direct,Orbit Support,Enterprise,33,17265,0.057,0.454
2025-12-27,EMEA,Partner,Atlas CRM,Mid-market,15,37314,0.151,0.432
2025-12-13,APAC,Web,Helios ERP,SMB,26,239953,0.211,0.456
2025-12-23,LATAM,Direct,Nimbus Analytics,Enterprise,11,15757,0.156,0.437
2025-12-29,North,Partner,Orbit Support,Mid-market,21,11108,0.053,0.343
2025-12-27,South,Web,Atlas CRM,SMB,8,21133,0.141,0.372
2025-12-23,EMEA,Direct,Helios ERP,Enterprise,23,211365,0.115,0.379
2025-12-05,APAC,Partner,Nimbus Analytics,Mid-market,24,36973,0.11,0.442
2025-12-04,LATAM,Web,Orbit Support,SMB,44,25326,0.093,0.373
2025-12-18,North,Direct,Atlas CRM,Enterprise,13,33418,0.068,0.461
2025-12-27,South,Partner,Helios ERP,Mid-market,33,286014,0.101,0.383
2025-12-05,EMEA,Web,Nimbus Analytics,SMB,43,60541,0.055,0.487
2025-12-08,APAC,Direct,Orbit Support,Enterprise,43,25816,0.128,0.275
2025-12-07,LATAM,Partner,Atlas CRM,Mid-market,43,116320,0.047,0.297
2025-12-22,North,Web,Helios ERP,SMB,9,82562,0.124,0.433
2025-12-13,South,Direct,Nimbus Analytics,Enterprise,27,44791,0.125,0.408
2025-12-10,EMEA,Partner,Orbit Support,Mid-market,36,22539,0.197,0.258
2025-12-03,APAC,Web,Atlas CRM,SMB,22,59753,0.165,0.436
2025-12-04,LATAM,Direct,Helios ERP,Enterprise,40,362459,0.075,0.346
2025-12-03,North,Partner,Nimbus Analytics,Mid-market,12,18008,0.12,0.27
2025-12-01,South,Web,Orbit Support,SMB,41,21004,0.096,0.386
2025-12-25,EMEA,Direct,Atlas CRM,Enterprise,36,94913,0.179,0.311
2025-12-08,APAC,Partner,Helios ERP,Mid-market,11,98147,0.061,0.318
2025-12-10,LATAM,Web,Nimbus Analytics,SMB,35,48026,0.145,0.468
2025-12-11,North,Direct,Orbit Support,Enterprise,26,15251,0.201,0.231
2025-12-03,South,Partner,Atlas CRM,Mid-market,41,103474,0.082,0.358
2025-12-20,EMEA,Web,Helios ERP,SMB,15,142739,0.094,0.461
2025-12-13,APAC,Direct,Nimbus Analytics,Enterprise,21,29577,0.067,0.429
2025-12-20,LATAM,Partner,Orbit Support,Mid-market,27,17914,0.199,0.332
2025-12-14,North,Web,Atlas CRM,SMB,44,105677,0.165,0.358
2025-12-17,South,Direct,Helios ERP,Enterprise,42,393538,0.122,0.258
2025-12-18,EMEA,Partner,Nimbus Analytics,Mid-market,25,38247,0.165,0.24
2025-12-17,APAC,Web,Orbit Support,SMB,18,9952,0.107,0.382
2025-12-17,LATAM,Direct,Atlas CRM,Enterprise,12,34532,0.173,0.379
2025-12-21,North,Partner,Helios ERP,Mid-market,22,216881,0.105,0.428
2025-12-09,South,Web,Nimbus Analytics,SMB,19,30052,0.123,0.39
2025-12-18,EMEA,Direct,Orbit Support,Enterprise,9,4957,0.064,0.438
2025-12-31,APAC,Partner,Atlas CRM,Mid-market,37,89487,0.06,0.293
2025-12-15,LATAM,Web,Helios ERP,SMB,25,244794,0.087,0.341
2025-12-09,North,Direct,Nimbus Analytics,Enterprise,28,41199,0.104,0.269
2025-12-14,South,Partner,Orbit Support,Mid-market,9,5648,0.111,0.434
2025-12-01,EMEA,Web,Atlas CRM,SMB,17,47712,0.216,0.353
2025-12-22,APAC,Direct,Helios ERP,Enterprise,25,230524,0.041,0.305
2025-12-02,LATAM,Partner,Nimbus Analytics,Mid-market,27,37030,0.061,0.392
2025-12-19,North,Web,Orbit Support,SMB,13,8531,0.154,0.402
2025-12-27,South,Direct,Atlas CRM,Enterprise,17,38472,0.182,0.45
2025-12-15,EMEA,Partner,Helios ERP,Mid-market,41,346479,0.072,0.354
2025-12-09,APAC,Web,Nimbus Analytics,SMB,40,68020,0.201,0.266
2025-12-31,LATAM,Direct,Orbit Support,Enterprise,7,4649,0.143,0.293
