opened,queue,priority,agent,hours,csat,tickets
2025-03-01,Billing,Low,Imani,5.4,4.2,23
2025-03-02,Onboarding,Medium,Noah,4.1,3.66,14
2025-03-03,Incidents,High,Sofia,15.3,4.32,9
2025-03-04,How-to,Critical,Kai,6.6,4.5,21
2025-03-05,Billing,Low,Imani,6.4,3.94,29
2025-03-06,Onboarding,Medium,Noah,10,4.51,18
2025-03-07,Incidents,High,Sofia,5.7,3.82,18
2025-03-08,How-to,Critical,Kai,14,3.75,10
2025-03-09,Billing,Low,Imani,9.5,3.61,25
2025-03-10,Onboarding,Medium,Noah,10.2,4.88,10
2025-03-11,Incidents,High,Sofia,15.7,3.65,27
2025-03-12,How-to,Critical,Kai,5.6,3.8,21
2025-03-13,Billing,Low,Imani,12.4,4.72,22
2025-03-14,Onboarding,Medium,Noah,8.6,4.57,22
2025-03-15,Incidents,High,Sofia,14.2,3.67,28
2025-03-16,How-to,Critical,Kai,4.1,3.93,8
2025-03-17,Billing,Low,Imani,4.3,3.76,21
2025-03-18,Onboarding,Medium,Noah,6.7,4.32,21
2025-03-19,Incidents,High,Sofia,6.8,4.85,29
2025-03-20,How-to,Critical,Kai,13.5,3.62,27
2025-03-21,Billing,Low,Imani,10,3.75,9
2025-03-22,Onboarding,Medium,Noah,8.7,4.5,26
2025-03-23,Incidents,High,Sofia,12.2,4.62,13
2025-03-24,How-to,Critical,Kai,13.9,4.32,20
2025-03-25,Billing,Low,Imani,14.6,4.83,28
2025-03-26,Onboarding,Medium,Noah,5.9,4.9,16
2025-03-27,Incidents,High,Sofia,16,4.49,25
2025-03-28,How-to,Critical,Kai,9.4,3.66,20
2025-03-01,Billing,Low,Imani,3.4,4.72,8
2025-03-02,Onboarding,Medium,Noah,4.5,3.67,15
2025-03-03,Incidents,High,Sofia,13.1,4.21,13
2025-03-04,How-to,Critical,Kai,15.7,3.61,15
2025-03-05,Billing,Low,Imani,5.1,4.62,21
2025-03-06,Onboarding,Medium,Noah,4.4,4.07,18
2025-03-07,Incidents,High,Sofia,15,3.79,7
2025-03-08,How-to,Critical,Kai,8.5,3.82,10
2025-03-09,Billing,Low,Imani,15,4.09,30
2025-03-10,Onboarding,Medium,Noah,2.4,4.31,23
2025-03-11,Incidents,High,Sofia,10.9,3.86,27
2025-03-12,How-to,Critical,Kai,5.8,3.85,29
2025-03-13,Billing,Low,Imani,15.5,4.35,22
2025-03-14,Onboarding,Medium,Noah,4,4.76,27
2025-03-15,Incidents,High,Sofia,4.9,4.2,16
2025-03-16,How-to,Critical,Kai,2.1,4.11,11
2025-03-17,Billing,Low,Imani,5.9,4.18,25
2025-03-18,Onboarding,Medium,Noah,10.9,4.31,11
2025-03-19,Incidents,High,Sofia,14.9,4.76,11
2025-03-20,How-to,Critical,Kai,8.1,3.86,16
2025-03-21,Billing,Low,Imani,13.2,4.86,30
2025-03-22,Onboarding,Medium,Noah,5.5,3.91,7
2025-03-23,Incidents,High,Sofia,6.4,4.26,22
2025-03-24,How-to,Critical,Kai,2.5,3.86,7
2025-03-25,Billing,Low,Imani,3.6,4.77,20
2025-03-26,Onboarding,Medium,Noah,2.9,4.22,21
2025-03-27,Incidents,High,Sofia,4.3,3.94,27
2025-03-28,How-to,Critical,Kai,14.8,4.69,20
2025-03-01,Billing,Low,Imani,9,4.84,16
2025-03-02,Onboarding,Medium,Noah,3.3,4.15,29
2025-03-03,Incidents,High,Sofia,13.8,4.53,11
2025-03-04,How-to,Critical,Kai,13.1,3.8,25
2025-03-05,Billing,Low,Imani,3,4.71,24
2025-03-06,Onboarding,Medium,Noah,5.8,4.83,10
2025-03-07,Incidents,High,Sofia,13.4,4.6,26
2025-03-08,How-to,Critical,Kai,5.3,3.84,11
2025-03-09,Billing,Low,Imani,2.4,3.7,17
2025-03-10,Onboarding,Medium,Noah,8.8,4.45,20
2025-03-11,Incidents,High,Sofia,8.6,4.59,27
2025-03-12,How-to,Critical,Kai,5.4,4.7,24
2025-03-13,Billing,Low,Imani,5,4.06,13
2025-03-14,Onboarding,Medium,Noah,9.4,4.54,30
2025-04-15,Incidents,High,Sofia,10.8,4.51,27
2025-04-16,How-to,Critical,Kai,15.1,4.2,24
2025-04-17,Billing,Low,Imani,8.6,3.8,29
2025-04-18,Onboarding,Medium,Noah,4.9,4.87,6
2025-04-19,Incidents,High,Sofia,5.5,4.22,29
2025-04-20,How-to,Critical,Kai,2.2,3.85,6
2025-04-21,Billing,Low,Imani,10.1,4.56,25
2025-04-22,Onboarding,Medium,Noah,15.7,4.25,15
2025-04-23,Incidents,High,Sofia,7.2,3.96,14
2025-04-24,How-to,Critical,Kai,2.5,3.84,7
2025-04-25,Billing,Low,Imani,11.8,4.41,15
2025-04-26,Onboarding,Medium,Noah,13.2,4.47,7
2025-04-27,Incidents,High,Sofia,4.8,4.46,22
2025-04-28,How-to,Critical,Kai,14.8,4.88,23
2025-04-01,Billing,Low,Imani,10,4.15,12
2025-04-02,Onboarding,Medium,Noah,4.5,4.25,15
2025-04-03,Incidents,High,Sofia,14,4.67,13
2025-04-04,How-to,Critical,Kai,2.8,4.46,12
2025-04-05,Billing,Low,Imani,15.6,4.14,8
2025-04-06,Onboarding,Medium,Noah,8,4.29,16
2025-04-07,Incidents,High,Sofia,5.8,3.77,25
2025-04-08,How-to,Critical,Kai,2.1,4.59,25
2025-04-09,Billing,Low,Imani,3.9,4.07,15
2025-04-10,Onboarding,Medium,Noah,13,4.73,10
2025-04-11,Incidents,High,Sofia,5.3,3.63,23
2025-04-12,How-to,Critical,Kai,11,4.61,11
2025-04-13,Billing,Low,Imani,4.8,4.12,13
2025-04-14,Onboarding,Medium,Noah,13.4,4.79,26
2025-04-15,Incidents,High,Sofia,9.5,4.47,24
2025-04-16,How-to,Critical,Kai,4.9,3.67,15
2025-04-17,Billing,Low,Imani,12.5,4.9,20
2025-04-18,Onboarding,Medium,Noah,5.4,4.8,24
2025-04-19,Incidents,High,Sofia,11.5,3.85,18
2025-04-20,How-to,Critical,Kai,12,3.74,8
2025-04-21,Billing,Low,Imani,4.3,4.09,6
2025-04-22,Onboarding,Medium,Noah,5.2,4.38,27
2025-04-23,Incidents,High,Sofia,12.5,3.79,29
2025-04-24,How-to,Critical,Kai,9.4,4.72,24
2025-04-25,Billing,Low,Imani,5.6,4.64,22
2025-04-26,Onboarding,Medium,Noah,9.9,3.77,15
2025-04-27,Incidents,High,Sofia,5.8,4.49,29
2025-04-28,How-to,Critical,Kai,4.7,4.02,18
2025-04-01,Billing,Low,Imani,8.2,4.47,16
2025-04-02,Onboarding,Medium,Noah,9.4,4.25,15
2025-04-03,Incidents,High,Sofia,4.8,4.44,18
2025-04-04,How-to,Critical,Kai,12.8,4.27,26
2025-04-05,Billing,Low,Imani,8.3,4.08,11
2025-04-06,Onboarding,Medium,Noah,4.2,4.88,18
2025-04-07,Incidents,High,Sofia,6.7,3.99,21
2025-04-08,How-to,Critical,Kai,5.9,4.83,14
2025-04-09,Billing,Low,Imani,4.9,3.89,23
2025-04-10,Onboarding,Medium,Noah,6.3,3.77,18
2025-04-11,Incidents,High,Sofia,14.5,4.51,29
2025-04-12,How-to,Critical,Kai,14.9,4.61,10
2025-04-13,Billing,Low,Imani,9.8,3.72,10
2025-04-14,Onboarding,Medium,Noah,12.2,4.44,15
2025-04-15,Incidents,High,Sofia,15.5,4.6,21
2025-04-16,How-to,Critical,Kai,6.5,4.11,8
2025-04-17,Billing,Low,Imani,13.5,4.05,29
2025-04-18,Onboarding,Medium,Noah,2.3,4.85,7
2025-04-19,Incidents,High,Sofia,2.4,4.3,28
2025-04-20,How-to,Critical,Kai,15.2,3.98,20
2025-04-21,Billing,Low,Imani,8.3,4.11,28
2025-04-22,Onboarding,Medium,Noah,5.1,4.16,27
2025-04-23,Incidents,High,Sofia,15,3.99,21
2025-04-24,How-to,Critical,Kai,5.1,3.97,23
2025-04-25,Billing,Low,Imani,5.1,4.78,18
2025-04-26,Onboarding,Medium,Noah,5.9,4.23,6
2025-04-27,Incidents,High,Sofia,13,4.16,14
2025-04-28,How-to,Critical,Kai,6.4,4.13,15
2025-05-01,Billing,Low,Imani,12.1,4.21,12
2025-05-02,Onboarding,Medium,Noah,14.2,3.67,16
2025-05-03,Incidents,High,Sofia,14.3,3.89,8
2025-05-04,How-to,Critical,Kai,7.6,3.86,9
2025-05-05,Billing,Low,Imani,4.1,3.86,20
2025-05-06,Onboarding,Medium,Noah,3.7,3.86,20
2025-05-07,Incidents,High,Sofia,8.2,3.69,21
2025-05-08,How-to,Critical,Kai,15.2,3.84,8
2025-05-09,Billing,Low,Imani,9.8,4.5,7
2025-05-10,Onboarding,Medium,Noah,5.8,4.58,29
2025-05-11,Incidents,High,Sofia,13.9,4.44,30
2025-05-12,How-to,Critical,Kai,6.6,4.36,10
2025-05-13,Billing,Low,Imani,4.6,4,13
2025-05-14,Onboarding,Medium,Noah,7.3,4.04,7
2025-05-15,Incidents,High,Sofia,12.8,3.69,23
2025-05-16,How-to,Critical,Kai,13.3,4.65,22
2025-05-17,Billing,Low,Imani,7.9,4.26,12
2025-05-18,Onboarding,Medium,Noah,9.2,3.83,24
2025-05-19,Incidents,High,Sofia,3.4,3.84,16
2025-05-20,How-to,Critical,Kai,11.2,3.7,15
2025-05-21,Billing,Low,Imani,10.1,3.64,27
2025-05-22,Onboarding,Medium,Noah,3.6,4.16,30
2025-05-23,Incidents,High,Sofia,13.5,4.15,24
2025-05-24,How-to,Critical,Kai,2.6,4,19
2025-05-25,Billing,Low,Imani,9.6,4.73,26
2025-05-26,Onboarding,Medium,Noah,7.7,3.73,27
2025-05-27,Incidents,High,Sofia,5.2,4.65,29
2025-05-28,How-to,Critical,Kai,14,3.75,26
2025-05-01,Billing,Low,Imani,14.7,4.15,12
2025-05-02,Onboarding,Medium,Noah,3.5,4.46,11
2025-05-03,Incidents,High,Sofia,14.8,3.81,22
2025-05-04,How-to,Critical,Kai,11.1,4.3,27
2025-05-05,Billing,Low,Imani,5.4,4.04,15
2025-05-06,Onboarding,Medium,Noah,12.5,4.85,26
2025-05-07,Incidents,High,Sofia,11.1,4.44,9
2025-05-08,How-to,Critical,Kai,8,4.71,9
2025-05-09,Billing,Low,Imani,9.6,4.7,26
2025-05-10,Onboarding,Medium,Noah,7.7,3.71,6
2025-05-11,Incidents,High,Sofia,2.2,4.82,24
2025-05-12,How-to,Critical,Kai,12.8,4.31,22
2025-05-13,Billing,Low,Imani,2.7,4.43,26
2025-05-14,Onboarding,Medium,Noah,11.1,3.87,9
2025-05-15,Incidents,High,Sofia,6.8,4.84,12
2025-05-16,How-to,Critical,Kai,12.3,4.12,16
2025-05-17,Billing,Low,Imani,15.2,4.37,6
2025-05-18,Onboarding,Medium,Noah,15.3,4.39,13
2025-05-19,Incidents,High,Sofia,8,4.6,22
2025-05-20,How-to,Critical,Kai,8.4,3.82,10
2025-05-21,Billing,Low,Imani,11,4.69,23
2025-05-22,Onboarding,Medium,Noah,15.2,4.16,15
2025-05-23,Incidents,High,Sofia,15.3,3.74,15
2025-05-24,How-to,Critical,Kai,6.2,4.06,18
2025-05-25,Billing,Low,Imani,12,3.7,12
2025-05-26,Onboarding,Medium,Noah,5.3,4.64,8
2025-05-27,Incidents,High,Sofia,12.2,4.62,20
2025-05-28,How-to,Critical,Kai,3.3,3.6,10
2025-05-01,Billing,Low,Imani,10.1,3.68,15
2025-05-02,Onboarding,Medium,Noah,11,4.07,22
2025-05-03,Incidents,High,Sofia,3.6,4.43,7
2025-05-04,How-to,Critical,Kai,12.7,4.45,7
2025-05-05,Billing,Low,Imani,9.7,4.41,13
2025-05-06,Onboarding,Medium,Noah,2.9,4.25,19
2025-05-07,Incidents,High,Sofia,3.6,3.72,7
2025-05-08,How-to,Critical,Kai,6.8,4.47,18
2025-05-09,Billing,Low,Imani,14.4,4.62,28
2025-05-10,Onboarding,Medium,Noah,8.2,4.4,26
2025-05-11,Incidents,High,Sofia,5.3,4.04,23
2025-05-12,How-to,Critical,Kai,6.5,4.6,21
2025-05-13,Billing,Low,Imani,14.8,4.56,8
2025-05-14,Onboarding,Medium,Noah,6.9,3.98,23
