date,channel,device,sessions,bounce_rate,conversions,revenue,ad_spend,avg_session_seconds
2025-09-01,Organic,Desktop,1573,0.389,50,12155,31,184
2025-09-01,Paid,Mobile,1986,0.571,44,6042,466,223
2025-09-01,Email,Tablet,944,0.393,42,7868,19,171
2025-09-01,Referral,Desktop,689,0.298,23,2057,14,128
2025-09-01,Social,Mobile,1446,0.784,50,7594,393,82
2025-09-01,Direct,Tablet,839,0.383,31,2723,17,131
2025-09-02,Organic,Mobile,1819,0.377,68,13145,36,132
2025-09-02,Paid,Tablet,2159,0.411,40,10362,611,212
2025-09-02,Email,Desktop,1045,0.395,47,9925,21,92
2025-09-02,Referral,Mobile,949,0.454,35,8854,19,184
2025-09-02,Social,Tablet,1116,0.664,23,1983,333,135
2025-09-02,Direct,Desktop,1059,0.388,23,6524,21,78
2025-09-03,Organic,Tablet,1472,0.395,52,8327,29,127
2025-09-03,Paid,Desktop,2174,0.489,65,10167,780,156
2025-09-03,Email,Mobile,942,0.359,42,6490,19,141
2025-09-03,Referral,Tablet,716,0.295,26,7655,14,196
2025-09-03,Social,Desktop,1093,0.7,27,7609,254,224
2025-09-03,Direct,Mobile,1019,0.364,38,4499,20,147
2025-09-04,Organic,Desktop,1984,0.385,56,8090,40,98
2025-09-04,Paid,Mobile,1858,0.559,48,11924,539,211
2025-09-04,Email,Tablet,1093,0.318,49,7515,22,82
2025-09-04,Referral,Desktop,900,0.343,27,3647,18,151
2025-09-04,Social,Mobile,1544,0.741,30,2933,280,115
2025-09-04,Direct,Tablet,944,0.293,21,4813,19,162
2025-09-05,Organic,Mobile,1717,0.391,44,3978,34,99
2025-09-05,Paid,Tablet,2498,0.448,92,13131,887,215
2025-09-05,Email,Desktop,1051,0.392,47,11502,21,179
2025-09-05,Referral,Mobile,1079,0.444,33,8195,22,201
2025-09-05,Social,Tablet,1112,0.709,41,4826,391,172
2025-09-05,Direct,Desktop,979,0.349,35,7842,20,83
2025-09-06,Organic,Tablet,1298,0.352,41,9666,26,73
2025-09-06,Paid,Desktop,1606,0.479,51,11072,490,141
2025-09-06,Email,Mobile,688,0.415,31,7070,14,128
2025-09-06,Referral,Tablet,625,0.389,20,4174,13,133
2025-09-06,Social,Desktop,831,0.693,21,4819,290,100
2025-09-06,Direct,Mobile,658,0.416,14,2398,13,102
2025-09-07,Organic,Desktop,1062,0.364,19,5222,21,73
2025-09-07,Paid,Mobile,1651,0.544,50,10517,395,75
2025-09-07,Email,Tablet,782,0.358,35,5566,16,84
2025-09-07,Referral,Desktop,598,0.397,18,2592,12,173
2025-09-07,Social,Mobile,1019,0.749,24,3607,301,153
2025-09-07,Direct,Tablet,674,0.297,13,3376,13,192
2025-09-08,Organic,Mobile,1522,0.455,56,12900,30,160
2025-09-08,Paid,Tablet,2563,0.464,51,14835,903,107
2025-09-08,Email,Desktop,695,0.306,31,4700,14,112
2025-09-08,Referral,Mobile,1104,0.442,28,7994,22,220
2025-09-08,Social,Tablet,1073,0.689,36,7993,337,184
2025-09-08,Direct,Desktop,1116,0.286,22,4849,22,78
2025-09-09,Organic,Tablet,2150,0.372,52,11080,43,189
2025-09-09,Paid,Desktop,1956,0.466,38,10664,775,147
2025-09-09,Email,Mobile,1020,0.408,46,8202,20,221
2025-09-09,Referral,Tablet,1001,0.384,28,6825,20,90
2025-09-09,Social,Desktop,1089,0.62,38,5552,335,150
2025-09-09,Direct,Mobile,1094,0.411,40,10042,22,172
2025-09-10,Organic,Desktop,1875,0.346,64,6729,38,142
2025-09-10,Paid,Mobile,2193,0.504,41,7652,567,125
2025-09-10,Email,Tablet,835,0.282,38,4030,17,151
2025-09-10,Referral,Desktop,866,0.311,20,5270,17,111
2025-09-10,Social,Mobile,1662,0.696,57,5318,389,115
2025-09-10,Direct,Tablet,914,0.32,29,4102,18,73
2025-09-11,Organic,Mobile,1445,0.37,36,2907,29,100
2025-09-11,Paid,Tablet,2441,0.517,62,11210,639,77
2025-09-11,Email,Desktop,1109,0.343,50,4042,22,201
2025-09-11,Referral,Mobile,1005,0.389,28,4802,20,101
2025-09-11,Social,Tablet,1704,0.65,56,13929,341,130
2025-09-11,Direct,Desktop,800,0.34,23,4492,16,201
2025-09-12,Organic,Tablet,1499,0.374,28,6589,30,193
2025-09-12,Paid,Desktop,2132,0.474,64,18879,833,80
2025-09-12,Email,Mobile,1083,0.343,49,10108,22,176
2025-09-12,Referral,Tablet,829,0.398,19,2809,17,132
2025-09-12,Social,Desktop,1490,0.713,48,9292,316,72
2025-09-12,Direct,Mobile,713,0.391,20,3914,14,100
2025-09-13,Organic,Desktop,1412,0.29,28,2461,28,209
2025-09-13,Paid,Mobile,1488,0.495,32,9339,488,223
2025-09-13,Email,Tablet,636,0.307,29,8514,13,154
2025-09-13,Referral,Desktop,725,0.395,22,6201,15,162
2025-09-13,Social,Mobile,786,0.796,26,2655,173,113
2025-09-13,Direct,Tablet,502,0.33,18,4591,10,210
2025-09-14,Organic,Mobile,1384,0.443,29,3562,28,157
2025-09-14,Paid,Tablet,2011,0.477,59,15708,573,74
2025-09-14,Email,Desktop,501,0.323,23,4861,10,154
2025-09-14,Referral,Mobile,743,0.355,21,4361,15,106
2025-09-14,Social,Tablet,925,0.657,31,7539,302,156
2025-09-14,Direct,Desktop,621,0.379,12,1598,12,78
2025-09-15,Organic,Tablet,1822,0.394,53,7608,36,217
2025-09-15,Paid,Desktop,2922,0.501,68,5655,650,188
2025-09-15,Email,Mobile,958,0.362,43,11229,19,221
2025-09-15,Referral,Tablet,971,0.342,22,3834,19,104
2025-09-15,Social,Desktop,1468,0.738,43,8043,467,75
2025-09-15,Direct,Mobile,881,0.351,31,4434,18,112
2025-09-16,Organic,Desktop,1439,0.386,47,11786,29,211
2025-09-16,Paid,Mobile,2786,0.564,57,16276,587,119
2025-09-16,Email,Tablet,857,0.289,39,5489,17,199
2025-09-16,Referral,Desktop,910,0.355,32,6776,18,181
2025-09-16,Social,Mobile,1373,0.701,44,6194,294,105
2025-09-16,Direct,Tablet,774,0.388,22,2536,15,87
2025-09-17,Organic,Mobile,1475,0.349,50,12304,30,82
2025-09-17,Paid,Tablet,2856,0.426,94,19617,1018,147
2025-09-17,Email,Desktop,965,0.307,43,12892,19,166
2025-09-17,Referral,Mobile,1051,0.45,39,9939,21,168
2025-09-17,Social,Tablet,1675,0.711,57,5491,550,181
2025-09-17,Direct,Desktop,804,0.357,29,2700,16,188
2025-09-18,Organic,Tablet,1448,0.324,37,8061,29,159
2025-09-18,Paid,Desktop,2500,0.491,86,19115,740,214
2025-09-18,Email,Mobile,919,0.348,41,3548,18,74
2025-09-18,Referral,Tablet,946,0.29,18,2888,19,159
2025-09-18,Social,Desktop,1421,0.641,27,2576,482,199
2025-09-18,Direct,Mobile,1019,0.405,20,4134,20,98
2025-09-19,Organic,Desktop,2176,0.343,73,16564,44,87
2025-09-19,Paid,Mobile,2572,0.58,61,12275,723,97
2025-09-19,Email,Tablet,681,0.371,31,8138,14,184
2025-09-19,Referral,Desktop,1036,0.391,26,2742,21,223
2025-09-19,Social,Mobile,1685,0.742,40,10350,376,141
2025-09-19,Direct,Tablet,930,0.374,29,7373,19,87
2025-09-20,Organic,Mobile,1104,0.363,25,4852,22,208
2025-09-20,Paid,Tablet,1702,0.44,45,5213,555,115
2025-09-20,Email,Desktop,650,0.364,29,5750,13,160
2025-09-20,Referral,Mobile,551,0.34,14,1515,11,187
2025-09-20,Social,Tablet,747,0.626,23,4454,138,95
2025-09-20,Direct,Desktop,522,0.359,19,2690,10,117
2025-09-21,Organic,Tablet,1425,0.366,33,8420,29,81
2025-09-21,Paid,Desktop,1438,0.459,48,13915,354,107
2025-09-21,Email,Mobile,588,0.41,26,3698,12,107
2025-09-21,Referral,Tablet,564,0.364,14,1489,11,145
2025-09-21,Social,Desktop,1111,0.636,34,8435,389,99
2025-09-21,Direct,Mobile,665,0.451,20,2422,13,225
2025-09-22,Organic,Desktop,1869,0.387,34,2787,37,123
2025-09-22,Paid,Mobile,2173,0.472,40,5241,824,102
2025-09-22,Email,Tablet,680,0.291,31,8790,14,205
2025-09-22,Referral,Desktop,738,0.333,16,2710,15,118
2025-09-22,Social,Mobile,1130,0.735,23,5852,401,152
2025-09-22,Direct,Tablet,810,0.392,30,7836,16,109
2025-09-23,Organic,Mobile,1583,0.341,58,11857,32,160
2025-09-23,Paid,Tablet,2694,0.432,57,16283,909,117
2025-09-23,Email,Desktop,1075,0.337,48,14313,22,91
2025-09-23,Referral,Mobile,781,0.403,27,7969,16,73
2025-09-23,Social,Tablet,1332,0.673,33,3533,256,139
2025-09-23,Direct,Desktop,1030,0.389,22,4692,21,144
2025-09-24,Organic,Tablet,1885,0.357,47,7345,38,211
2025-09-24,Paid,Desktop,2175,0.436,54,10929,464,89
2025-09-24,Email,Mobile,992,0.448,45,11541,20,186
2025-09-24,Referral,Tablet,926,0.289,28,6090,19,119
2025-09-24,Social,Desktop,1665,0.632,46,6859,474,141
2025-09-24,Direct,Mobile,799,0.367,15,1664,16,126
2025-09-25,Organic,Desktop,1860,0.339,54,13128,37,191
2025-09-25,Paid,Mobile,2446,0.531,49,9459,701,98
2025-09-25,Email,Tablet,788,0.316,35,5017,16,207
2025-09-25,Referral,Desktop,723,0.327,24,4805,14,142
2025-09-25,Social,Mobile,1438,0.767,33,8850,440,203
2025-09-25,Direct,Tablet,868,0.38,16,2323,17,115
2025-09-26,Organic,Mobile,2089,0.458,77,12788,42,185
2025-09-26,Paid,Tablet,2930,0.497,60,5063,1062,143
2025-09-26,Email,Desktop,1100,0.376,50,13072,22,169
2025-09-26,Referral,Mobile,775,0.35,24,4034,16,144
2025-09-26,Social,Tablet,1245,0.641,30,8346,467,174
2025-09-26,Direct,Desktop,713,0.391,20,5737,14,184
2025-09-27,Organic,Tablet,1439,0.375,37,8986,29,149
2025-09-27,Paid,Desktop,1529,0.438,36,10746,396,188
2025-09-27,Email,Mobile,553,0.443,25,4012,11,165
2025-09-27,Referral,Tablet,782,0.301,26,3098,16,221
2025-09-27,Social,Desktop,941,0.678,30,5165,241,151
2025-09-27,Direct,Mobile,605,0.389,15,3002,12,128
2025-09-28,Organic,Desktop,1505,0.344,32,4662,30,138
2025-09-28,Paid,Mobile,1497,0.534,52,11153,346,89
2025-09-28,Email,Tablet,475,0.392,21,5201,10,136
2025-09-28,Referral,Desktop,631,0.397,20,2938,13,174
2025-09-28,Social,Mobile,768,0.735,26,6253,280,78
2025-09-28,Direct,Tablet,563,0.288,13,2201,11,95
2025-09-29,Organic,Mobile,1550,0.453,31,9203,31,77
2025-09-29,Paid,Tablet,2340,0.488,60,12040,569,96
2025-09-29,Email,Desktop,1100,0.371,50,12895,22,224
2025-09-29,Referral,Mobile,819,0.344,26,4916,16,95
2025-09-29,Social,Tablet,1441,0.645,41,7289,558,131
2025-09-29,Direct,Desktop,985,0.334,20,2797,20,149
2025-09-30,Organic,Tablet,1700,0.283,47,12054,34,143
2025-09-30,Paid,Desktop,2985,0.467,63,17356,739,209
2025-09-30,Email,Mobile,819,0.355,37,6292,16,144
2025-09-30,Referral,Tablet,771,0.321,17,4419,15,220
2025-09-30,Social,Desktop,1609,0.649,48,10245,610,86
2025-09-30,Direct,Mobile,1064,0.357,37,6312,21,146
2025-10-01,Organic,Desktop,1624,0.304,58,13115,32,167
2025-10-01,Paid,Mobile,3142,0.535,105,28012,921,97
2025-10-01,Email,Tablet,1094,0.331,49,10313,22,187
2025-10-01,Referral,Desktop,1007,0.367,31,7446,20,142
2025-10-01,Social,Mobile,1137,0.786,40,4553,340,92
2025-10-01,Direct,Tablet,696,0.295,19,5666,14,91
2025-10-02,Organic,Mobile,1417,0.343,38,6581,28,91
2025-10-02,Paid,Tablet,2256,0.506,45,11368,818,94
2025-10-02,Email,Desktop,796,0.289,36,6229,16,216
2025-10-02,Referral,Mobile,1044,0.431,22,2767,21,188
2025-10-02,Social,Tablet,1236,0.722,27,4373,408,98
2025-10-02,Direct,Desktop,881,0.363,16,1299,18,72
2025-10-03,Organic,Tablet,2053,0.349,49,12810,41,220
2025-10-03,Paid,Desktop,2057,0.414,68,7462,783,96
2025-10-03,Email,Mobile,701,0.437,32,8960,14,140
2025-10-03,Referral,Tablet,809,0.29,29,6295,16,75
2025-10-03,Social,Desktop,1086,0.673,33,7776,344,176
2025-10-03,Direct,Mobile,814,0.411,15,2590,16,101
2025-10-04,Organic,Desktop,1380,0.303,45,5520,28,70
2025-10-04,Paid,Mobile,1609,0.485,34,6670,327,116
2025-10-04,Email,Tablet,748,0.389,34,3201,15,80
2025-10-04,Referral,Desktop,730,0.351,17,4306,15,181
2025-10-04,Social,Mobile,1180,0.683,37,8116,328,108
2025-10-04,Direct,Tablet,592,0.362,18,2016,12,103
2025-10-05,Organic,Mobile,1411,0.394,40,8147,28,115
2025-10-05,Paid,Tablet,1846,0.496,53,8640,335,122
2025-10-05,Email,Desktop,731,0.391,33,8085,15,135
2025-10-05,Referral,Mobile,527,0.352,13,2370,11,127
2025-10-05,Social,Tablet,926,0.686,28,3302,329,172
2025-10-05,Direct,Desktop,689,0.384,26,2668,14,98
2025-10-06,Organic,Tablet,1602,0.345,40,5555,32,130
2025-10-06,Paid,Desktop,2746,0.489,70,5959,628,106
2025-10-06,Email,Mobile,1092,0.362,49,6530,22,74
2025-10-06,Referral,Tablet,800,0.389,15,2987,16,80
2025-10-06,Social,Desktop,1594,0.642,47,7197,518,185
2025-10-06,Direct,Mobile,966,0.373,35,9560,19,209
2025-10-07,Organic,Desktop,1671,0.347,53,5365,33,108
2025-10-07,Paid,Mobile,3005,0.524,105,26249,1067,213
2025-10-07,Email,Tablet,838,0.385,38,9759,17,182
2025-10-07,Referral,Desktop,930,0.303,34,6914,19,85
2025-10-07,Social,Mobile,1602,0.738,29,5196,388,130
2025-10-07,Direct,Tablet,994,0.395,20,2176,20,223
2025-10-08,Organic,Mobile,1540,0.459,58,10772,31,75
2025-10-08,Paid,Tablet,2824,0.463,101,13369,533,168
2025-10-08,Email,Desktop,811,0.368,36,10394,16,213
2025-10-08,Referral,Mobile,736,0.412,24,6869,15,205
2025-10-08,Social,Tablet,1309,0.706,29,3824,403,93
2025-10-08,Direct,Desktop,709,0.374,16,1893,14,201
2025-10-09,Organic,Tablet,2055,0.376,56,10229,41,139
2025-10-09,Paid,Desktop,2220,0.503,67,8404,838,214
2025-10-09,Email,Mobile,1006,0.348,45,11382,20,194
2025-10-09,Referral,Tablet,865,0.319,28,5968,17,171
2025-10-09,Social,Desktop,1210,0.671,27,7339,406,107
2025-10-09,Direct,Mobile,750,0.344,24,2929,15,106
2025-10-10,Organic,Desktop,1429,0.383,46,6256,29,71
2025-10-10,Paid,Mobile,2378,0.473,72,14887,551,198
2025-10-10,Email,Tablet,965,0.393,43,8322,19,90
2025-10-10,Referral,Desktop,1035,0.294,19,5625,21,156
2025-10-10,Social,Mobile,1565,0.714,58,4879,543,182
2025-10-10,Direct,Tablet,932,0.303,17,4267,19,198
2025-10-11,Organic,Mobile,1502,0.437,47,7529,30,212
2025-10-11,Paid,Tablet,1998,0.508,75,9872,788,107
2025-10-11,Email,Desktop,727,0.298,33,6526,15,176
2025-10-11,Referral,Mobile,627,0.375,17,4586,13,188
2025-10-11,Social,Tablet,914,0.738,30,4263,197,127
2025-10-11,Direct,Desktop,777,0.358,24,3960,16,108
2025-10-12,Organic,Tablet,1013,0.35,31,6478,20,170
2025-10-12,Paid,Desktop,2401,0.43,56,15644,478,180
2025-10-12,Email,Mobile,758,0.421,34,9202,15,121
2025-10-12,Referral,Tablet,546,0.371,14,3576,11,157
2025-10-12,Social,Desktop,1116,0.74,23,4990,299,72
2025-10-12,Direct,Mobile,611,0.423,16,2966,12,214
2025-10-13,Organic,Desktop,2136,0.317,64,17781,43,73
2025-10-13,Paid,Mobile,3077,0.499,103,29402,783,224
2025-10-13,Email,Tablet,1064,0.332,48,4187,21,202
2025-10-13,Referral,Desktop,953,0.36,35,9982,19,82
2025-10-13,Social,Mobile,1502,0.715,40,11469,286,216
2025-10-13,Direct,Tablet,801,0.285,23,5515,16,118
2025-10-14,Organic,Mobile,2175,0.366,71,5830,44,203
2025-10-14,Paid,Tablet,2468,0.441,66,11780,612,145
2025-10-14,Email,Desktop,1111,0.391,50,8786,22,138
2025-10-14,Referral,Mobile,961,0.374,19,2372,19,192
2025-10-14,Social,Tablet,1129,0.706,39,9214,252,134
2025-10-14,Direct,Desktop,712,0.398,19,3850,14,115
2025-10-15,Organic,Tablet,1563,0.314,44,11987,31,190
2025-10-15,Paid,Desktop,2580,0.484,60,10641,585,90
2025-10-15,Email,Mobile,730,0.407,33,6705,15,228
2025-10-15,Referral,Tablet,794,0.338,25,3764,16,205
2025-10-15,Social,Desktop,1361,0.678,31,5091,543,183
2025-10-15,Direct,Mobile,789,0.437,22,3011,16,126
2025-10-16,Organic,Desktop,1988,0.283,50,11480,40,125
2025-10-16,Paid,Mobile,2913,0.484,70,7943,631,91
2025-10-16,Email,Tablet,813,0.372,37,6924,16,184
2025-10-16,Referral,Desktop,953,0.385,20,4360,19,218
2025-10-16,Social,Mobile,1264,0.726,36,8472,302,151
2025-10-16,Direct,Tablet,797,0.326,24,4393,16,115
2025-10-17,Organic,Mobile,2169,0.402,81,7130,43,129
2025-10-17,Paid,Tablet,3412,0.415,104,19315,1137,170
2025-10-17,Email,Desktop,798,0.398,36,6978,16,208
2025-10-17,Referral,Mobile,942,0.377,25,7018,19,162
2025-10-17,Social,Tablet,1142,0.64,40,5670,330,108
2025-10-17,Direct,Desktop,915,0.367,31,7314,18,221
2025-10-18,Organic,Tablet,1332,0.363,27,7635,27,183
2025-10-18,Paid,Desktop,2416,0.466,71,7274,598,84
2025-10-18,Email,Mobile,760,0.427,34,6308,15,89
2025-10-18,Referral,Tablet,508,0.363,14,1417,10,192
2025-10-18,Social,Desktop,936,0.727,20,5379,305,226
2025-10-18,Direct,Mobile,604,0.396,22,4723,12,212
2025-10-19,Organic,Desktop,1102,0.355,33,8236,22,130
2025-10-19,Paid,Mobile,1778,0.517,34,5757,525,208
2025-10-19,Email,Tablet,758,0.303,34,7210,15,124
2025-10-19,Referral,Desktop,773,0.399,25,2407,15,197
2025-10-19,Social,Mobile,821,0.746,29,3057,213,115
2025-10-19,Direct,Tablet,617,0.32,20,4773,12,114
2025-10-20,Organic,Mobile,1901,0.347,70,5846,38,180
2025-10-20,Paid,Tablet,2674,0.432,76,20626,834,175
2025-10-20,Email,Desktop,760,0.294,34,8025,15,71
2025-10-20,Referral,Mobile,809,0.348,24,6011,16,130
2025-10-20,Social,Tablet,1339,0.647,49,7663,262,80
2025-10-20,Direct,Desktop,913,0.306,33,9318,18,229
2025-10-21,Organic,Tablet,1671,0.399,42,7718,33,189
2025-10-21,Paid,Desktop,3499,0.469,88,21658,801,77
2025-10-21,Email,Mobile,685,0.373,31,2943,14,196
2025-10-21,Referral,Tablet,713,0.315,14,1972,14,78
2025-10-21,Social,Desktop,1186,0.707,35,10442,332,95
2025-10-21,Direct,Mobile,909,0.407,25,4168,18,165
2025-10-22,Organic,Desktop,1920,0.358,64,12059,38,127
2025-10-22,Paid,Mobile,2266,0.524,84,11871,539,163
2025-10-22,Email,Tablet,881,0.389,40,3899,18,152
2025-10-22,Referral,Desktop,1045,0.398,29,4982,21,204
2025-10-22,Social,Mobile,1135,0.774,29,5161,384,217
2025-10-22,Direct,Tablet,971,0.295,23,3807,19,156
2025-10-23,Organic,Mobile,1762,0.406,37,5432,35,86
2025-10-23,Paid,Tablet,2232,0.493,45,8831,846,214
2025-10-23,Email,Desktop,923,0.327,42,6797,18,149
2025-10-23,Referral,Mobile,942,0.376,33,3986,19,218
2025-10-23,Social,Tablet,1278,0.715,44,12783,414,164
2025-10-23,Direct,Desktop,769,0.4,15,2540,15,86
2025-10-24,Organic,Tablet,1712,0.314,54,4942,34,173
2025-10-24,Paid,Desktop,2432,0.432,83,18600,739,187
2025-10-24,Email,Mobile,775,0.445,35,4502,16,107
2025-10-24,Referral,Tablet,840,0.38,28,7944,17,226
2025-10-24,Social,Desktop,1213,0.636,25,4866,447,165
2025-10-24,Direct,Mobile,941,0.398,31,5370,19,130
2025-10-25,Organic,Desktop,1377,0.335,50,14225,28,192
2025-10-25,Paid,Mobile,2003,0.589,67,6072,676,228
2025-10-25,Email,Tablet,713,0.34,32,5666,14,94
2025-10-25,Referral,Desktop,497,0.341,10,2743,10,126
2025-10-25,Social,Mobile,1031,0.749,39,7389,284,138
2025-10-25,Direct,Tablet,543,0.31,16,3415,11,75
2025-10-26,Organic,Mobile,1198,0.361,36,5012,24,116
2025-10-26,Paid,Tablet,2471,0.411,55,4720,711,200
2025-10-26,Email,Desktop,569,0.343,26,6122,11,114
2025-10-26,Referral,Mobile,537,0.371,17,4555,11,124
2025-10-26,Social,Tablet,906,0.623,31,8847,259,171
2025-10-26,Direct,Desktop,750,0.291,22,2485,15,138
2025-10-27,Organic,Tablet,1885,0.338,55,4612,38,128
2025-10-27,Paid,Desktop,3278,0.438,78,20349,897,178
2025-10-27,Email,Mobile,842,0.413,38,3443,17,151
2025-10-27,Referral,Tablet,920,0.31,33,7031,18,174
2025-10-27,Social,Desktop,1700,0.639,44,8196,439,222
2025-10-27,Direct,Mobile,962,0.38,24,2746,19,132
2025-10-28,Organic,Desktop,1522,0.357,38,9481,30,136
2025-10-28,Paid,Mobile,2632,0.492,90,24005,523,186
2025-10-28,Email,Tablet,938,0.362,42,8396,19,213
2025-10-28,Referral,Desktop,798,0.347,30,8057,16,219
2025-10-28,Social,Mobile,1487,0.743,27,2587,505,224
2025-10-28,Direct,Tablet,700,0.33,24,5242,14,72
2025-10-29,Organic,Mobile,1620,0.344,46,9201,32,183
2025-10-29,Paid,Tablet,3456,0.427,112,29473,1332,171
2025-10-29,Email,Desktop,1102,0.36,50,14579,22,129
2025-10-29,Referral,Mobile,729,0.351,24,6621,15,199
2025-10-29,Social,Tablet,1247,0.651,25,3056,398,124
2025-10-29,Direct,Desktop,1027,0.303,26,2779,21,114
2025-10-30,Organic,Tablet,2007,0.347,45,7594,40,123
2025-10-30,Paid,Desktop,2576,0.485,58,8688,872,135
2025-10-30,Email,Mobile,862,0.385,39,10205,17,115
2025-10-30,Referral,Tablet,1078,0.318,35,8523,22,125
2025-10-30,Social,Desktop,1160,0.648,31,6711,452,205
2025-10-30,Direct,Mobile,1018,0.363,19,3206,20,91
2025-10-31,Organic,Desktop,1461,0.329,42,4732,29,120
2025-10-31,Paid,Mobile,3415,0.48,108,28436,635,85
2025-10-31,Email,Tablet,1020,0.365,46,9418,20,134
2025-10-31,Referral,Desktop,955,0.342,28,6503,19,108
2025-10-31,Social,Mobile,1410,0.69,34,5677,329,165
2025-10-31,Direct,Tablet,980,0.288,35,6549,20,201
2025-11-01,Organic,Mobile,1254,0.413,39,6257,25,132
2025-11-01,Paid,Tablet,1682,0.487,33,3992,435,213
2025-11-01,Email,Desktop,716,0.3,32,3422,14,123
2025-11-01,Referral,Mobile,533,0.442,12,2401,11,94
2025-11-01,Social,Tablet,789,0.667,23,6806,283,91
2025-11-01,Direct,Desktop,604,0.317,23,6088,12,196
2025-11-02,Organic,Tablet,1197,0.371,40,8190,24,195
2025-11-02,Paid,Desktop,2261,0.455,66,18123,776,114
2025-11-02,Email,Mobile,780,0.435,35,5891,16,164
2025-11-02,Referral,Tablet,708,0.336,23,4602,14,121
2025-11-02,Social,Desktop,1222,0.665,42,5401,405,185
2025-11-02,Direct,Mobile,646,0.43,13,3495,13,143
2025-11-03,Organic,Desktop,1693,0.326,43,4794,34,201
2025-11-03,Paid,Mobile,2760,0.551,87,23201,605,123
2025-11-03,Email,Tablet,731,0.324,33,5340,15,212
2025-11-03,Referral,Desktop,840,0.301,31,8714,17,171
2025-11-03,Social,Mobile,1437,0.779,31,5396,454,200
2025-11-03,Direct,Tablet,927,0.38,34,7766,19,181
2025-11-04,Organic,Mobile,1701,0.341,46,10956,34,222
2025-11-04,Paid,Tablet,3152,0.423,90,13526,1003,160
2025-11-04,Email,Desktop,829,0.345,37,4128,17,223
2025-11-04,Referral,Mobile,992,0.346,22,5255,20,219
2025-11-04,Social,Tablet,1181,0.67,43,11213,401,225
2025-11-04,Direct,Desktop,988,0.298,26,3855,20,195
2025-11-05,Organic,Tablet,1470,0.358,46,11094,29,230
2025-11-05,Paid,Desktop,3742,0.461,76,10765,1041,193
2025-11-05,Email,Mobile,948,0.405,43,5607,19,139
2025-11-05,Referral,Tablet,751,0.347,22,5404,15,148
2025-11-05,Social,Desktop,1206,0.68,36,5429,411,73
2025-11-05,Direct,Mobile,800,0.415,26,6385,16,111
2025-11-06,Organic,Desktop,1720,0.334,50,10460,34,203
2025-11-06,Paid,Mobile,2869,0.516,88,24595,643,76
2025-11-06,Email,Tablet,1085,0.379,49,4872,22,226
2025-11-06,Referral,Desktop,834,0.383,28,3089,17,219
2025-11-06,Social,Mobile,1246,0.692,33,4366,414,147
2025-11-06,Direct,Tablet,877,0.319,30,8032,18,142
2025-11-07,Organic,Mobile,1494,0.432,44,11190,30,124
2025-11-07,Paid,Tablet,3580,0.504,82,22674,1273,178
2025-11-07,Email,Desktop,1077,0.336,48,11015,22,156
2025-11-07,Referral,Mobile,959,0.346,19,3231,19,128
2025-11-07,Social,Tablet,1166,0.695,39,6841,237,142
2025-11-07,Direct,Desktop,1027,0.398,32,6354,21,161
2025-11-08,Organic,Tablet,1040,0.33,24,2255,21,123
2025-11-08,Paid,Desktop,2402,0.423,53,15691,643,197
2025-11-08,Email,Mobile,548,0.418,25,5278,11,167
2025-11-08,Referral,Tablet,734,0.298,23,2056,15,76
2025-11-08,Social,Desktop,801,0.635,22,3581,236,134
2025-11-08,Direct,Mobile,695,0.399,18,3585,14,210
2025-11-09,Organic,Desktop,1096,0.35,29,4974,22,89
2025-11-09,Paid,Mobile,2191,0.555,72,12525,714,213
2025-11-09,Email,Tablet,663,0.348,30,7492,13,110
2025-11-09,Referral,Desktop,779,0.316,22,3857,16,106
2025-11-09,Social,Mobile,1199,0.762,40,5973,444,118
2025-11-09,Direct,Tablet,746,0.312,23,3829,15,84
2025-11-10,Organic,Mobile,2208,0.418,64,14565,44,88
2025-11-10,Paid,Tablet,3291,0.52,106,10044,684,218
2025-11-10,Email,Desktop,953,0.358,43,7953,19,157
2025-11-10,Referral,Mobile,729,0.354,23,6406,15,146
2025-11-10,Social,Tablet,1243,0.626,37,5076,489,92
2025-11-10,Direct,Desktop,1100,0.372,34,4741,22,125
2025-11-11,Organic,Tablet,1461,0.379,55,15832,29,158
2025-11-11,Paid,Desktop,2890,0.523,86,12687,1136,211
2025-11-11,Email,Mobile,1118,0.381,50,4353,22,217
2025-11-11,Referral,Tablet,714,0.362,17,1557,14,136
2025-11-11,Social,Desktop,1067,0.625,39,9048,219,196
2025-11-11,Direct,Mobile,1110,0.366,39,3903,22,189
2025-11-12,Organic,Desktop,1854,0.309,52,12949,37,186
2025-11-12,Paid,Mobile,3253,0.5,79,20123,822,190
2025-11-12,Email,Tablet,752,0.357,34,5292,15,163
2025-11-12,Referral,Desktop,1124,0.322,24,6180,22,223
2025-11-12,Social,Mobile,1273,0.716,38,8987,299,79
2025-11-12,Direct,Tablet,929,0.282,25,4393,19,148
2025-11-13,Organic,Mobile,1758,0.358,60,17331,35,227
2025-11-13,Paid,Tablet,3901,0.425,95,17377,854,216
2025-11-13,Email,Desktop,752,0.322,34,4662,15,137
2025-11-13,Referral,Mobile,1046,0.454,21,4380,21,195
2025-11-13,Social,Tablet,1244,0.734,36,4228,304,196
2025-11-13,Direct,Desktop,716,0.344,25,4946,14,118
2025-11-14,Organic,Tablet,1775,0.394,34,10051,36,82
2025-11-14,Paid,Desktop,3940,0.493,133,14418,1412,180
2025-11-14,Email,Mobile,871,0.394,39,8826,17,198
2025-11-14,Referral,Tablet,1070,0.397,22,6296,21,180
2025-11-14,Social,Desktop,1312,0.656,43,12687,310,91
2025-11-14,Direct,Mobile,760,0.398,20,5601,15,229
2025-11-15,Organic,Desktop,1435,0.325,53,4633,29,170
2025-11-15,Paid,Mobile,2554,0.519,56,5117,742,132
2025-11-15,Email,Tablet,667,0.347,30,4100,13,112
2025-11-15,Referral,Desktop,721,0.345,27,2783,14,118
2025-11-15,Social,Mobile,742,0.763,24,2588,281,152
2025-11-15,Direct,Tablet,579,0.357,19,2649,12,155
2025-11-16,Organic,Mobile,1501,0.423,34,4679,30,180
2025-11-16,Paid,Tablet,2187,0.507,61,14622,603,143
2025-11-16,Email,Desktop,751,0.349,34,4130,15,184
2025-11-16,Referral,Mobile,529,0.38,18,3237,11,149
2025-11-16,Social,Tablet,954,0.723,32,6422,322,166
2025-11-16,Direct,Desktop,728,0.361,23,5728,15,196
2025-11-17,Organic,Tablet,2193,0.382,57,13996,44,212
2025-11-17,Paid,Desktop,3159,0.506,58,13437,1007,147
2025-11-17,Email,Mobile,770,0.416,35,6677,15,153
2025-11-17,Referral,Tablet,854,0.32,17,2830,17,189
2025-11-17,Social,Desktop,1126,0.675,27,5849,277,92
2025-11-17,Direct,Mobile,835,0.367,24,2773,17,154
2025-11-18,Organic,Desktop,2239,0.31,46,11390,45,134
2025-11-18,Paid,Mobile,4002,0.534,149,15058,1532,125
2025-11-18,Email,Tablet,1010,0.304,45,9437,20,178
2025-11-18,Referral,Desktop,1124,0.32,32,5496,22,199
2025-11-18,Social,Mobile,1667,0.787,38,4091,372,199
2025-11-18,Direct,Tablet,726,0.339,14,4089,15,113
2025-11-19,Organic,Mobile,1685,0.385,47,8887,34,96
2025-11-19,Paid,Tablet,2973,0.493,57,15172,1015,146
2025-11-19,Email,Desktop,844,0.376,38,3355,17,130
2025-11-19,Referral,Mobile,983,0.38,18,3388,20,80
2025-11-19,Social,Tablet,1670,0.693,61,12567,656,134
2025-11-19,Direct,Desktop,811,0.333,20,4731,16,172
2025-11-20,Organic,Tablet,1806,0.39,66,13097,36,128
2025-11-20,Paid,Desktop,3293,0.448,94,26370,737,160
2025-11-20,Email,Mobile,694,0.378,31,4089,14,161
2025-11-20,Referral,Tablet,778,0.335,22,3492,16,198
2025-11-20,Social,Desktop,1385,0.625,36,6208,550,98
2025-11-20,Direct,Mobile,719,0.391,13,1694,14,221
2025-11-21,Organic,Desktop,2131,0.367,39,3224,43,101
2025-11-21,Paid,Mobile,3597,0.491,135,10820,1306,151
2025-11-21,Email,Tablet,755,0.363,34,8931,15,175
2025-11-21,Referral,Desktop,1045,0.286,24,6093,21,192
2025-11-21,Social,Mobile,1712,0.76,38,5856,591,214
2025-11-21,Direct,Tablet,1065,0.292,23,5643,21,157
2025-11-22,Organic,Mobile,1337,0.415,26,6678,27,155
2025-11-22,Paid,Tablet,1910,0.526,39,7724,675,131
2025-11-22,Email,Desktop,481,0.293,22,6072,10,176
2025-11-22,Referral,Mobile,685,0.344,17,3816,14,176
2025-11-22,Social,Tablet,772,0.656,17,4279,195,137
2025-11-22,Direct,Desktop,640,0.393,14,1132,13,185
2025-11-23,Organic,Tablet,1352,0.38,38,3852,27,178
2025-11-23,Paid,Desktop,2688,0.523,68,17418,1043,184
2025-11-23,Email,Mobile,773,0.434,35,9394,15,149
2025-11-23,Referral,Tablet,674,0.392,21,3240,13,161
2025-11-23,Social,Desktop,1181,0.69,24,3104,407,216
2025-11-23,Direct,Mobile,493,0.453,9,823,10,178
